sample_id	turn	images	model	ok
0	1	[3]	blip2	1
0	2	[3]	blip2	0
0	3	[3]	blip2	0
0	4	[4]	blip2	1
0	5	[4]	blip2	0
0	6	[4]	blip2	0
0	7	[5]	blip2	0
0	8	[2, 5]	blip2	0
0	9	[3, 4]	blip2	0
0	10	[1, 3, 4]	blip2	0
0	11	[2, 5]	blip2	0
0	12	[1, 4]	blip2	0
0	1	[3]	llava	1
0	2	[3]	llava	0
0	3	[3]	llava	1
0	4	[4]	llava	1
0	5	[4]	llava	1
0	6	[4]	llava	1
0	7	[5]	llava	1
0	8	[2, 5]	llava	1
0	9	[3, 4]	llava	0
0	10	[1, 3, 4]	llava	1
0	11	[2, 5]	llava	1
0	12	[1, 4]	llava	1
0	1	[3]	qwen	1
0	2	[3]	qwen	1
0	3	[3]	qwen	1
0	4	[4]	qwen	1
0	5	[4]	qwen	1
0	6	[4]	qwen	1
0	7	[5]	qwen	1
0	8	[2, 5]	qwen	0
0	9	[3, 4]	qwen	1
0	10	[1, 3, 4]	qwen	1
0	11	[2, 5]	qwen	1
0	12	[1, 4]	qwen	1
1	1	[3]	blip2	0
1	2	[3]	blip2	1
1	3	[4]	blip2	0
1	4	[1, 2, 3, 4]	blip2	0
1	5	[2, 3]	blip2	1
1	6	[1, 2, 3, 4]	blip2	0
1	7	[2, 4]	blip2	0
1	8	[1, 3]	blip2	1
1	9	[1, 3, 4]	blip2	1
1	10	[2, 4]	blip2	0
1	11	[2, 3, 4]	blip2	0
1	1	[3]	llava	1
1	2	[3]	llava	1
1	3	[4]	llava	1
1	4	[1, 2, 3, 4]	llava	1
1	5	[2, 3]	llava	1
1	6	[1, 2, 3, 4]	llava	0
1	7	[2, 4]	llava	0
1	8	[1, 3]	llava	1
1	9	[1, 3, 4]	llava	1
1	10	[2, 4]	llava	1
1	11	[2, 3, 4]	llava	1
1	1	[3]	qwen	1
1	2	[3]	qwen	1
1	3	[4]	qwen	1
1	4	[1, 2, 3, 4]	qwen	0
1	5	[2, 3]	qwen	1
1	6	[1, 2, 3, 4]	qwen	0
1	7	[2, 4]	qwen	0
1	8	[1, 3]	qwen	1
1	9	[1, 3, 4]	qwen	1
1	10	[2, 4]	qwen	1
1	11	[2, 3, 4]	qwen	1
2	1	[1]	blip2	0
2	2	[1]	blip2	0
2	3	[1]	blip2	1
2	4	[2]	blip2	1
2	5	[2]	blip2	0
2	6	[2]	blip2	0
2	7	[3]	blip2	0
2	8	[3]	blip2	1
2	9	[3]	blip2	1
2	10	[1, 2, 3]	blip2	0
2	11	[1, 2, 3]	blip2	0
2	12	[1, 2, 3]	blip2	0
2	13	[1, 2, 3]	blip2	0
2	14	[1, 2, 3]	blip2	1
2	15	[1, 2, 3]	blip2	0
2	16	[1, 2, 3]	blip2	1
2	17	[1, 2, 3]	blip2	0
2	1	[1]	llava	1
2	2	[1]	llava	1
2	3	[1]	llava	0
2	4	[2]	llava	1
2	5	[2]	llava	1
2	6	[2]	llava	1
2	7	[3]	llava	0
2	8	[3]	llava	0
2	9	[3]	llava	0
2	10	[1, 2, 3]	llava	0
2	11	[1, 2, 3]	llava	0
2	12	[1, 2, 3]	llava	0
2	13	[1, 2, 3]	llava	1
2	14	[1, 2, 3]	llava	1
2	15	[1, 2, 3]	llava	0
2	16	[1, 2, 3]	llava	1
2	17	[1, 2, 3]	llava	0
2	1	[1]	qwen	1
2	2	[1]	qwen	1
2	3	[1]	qwen	1
2	4	[2]	qwen	1
2	5	[2]	qwen	1
2	6	[2]	qwen	1
2	7	[3]	qwen	1
2	8	[3]	qwen	1
2	9	[3]	qwen	1
2	10	[1, 2, 3]	qwen	1
2	11	[1, 2, 3]	qwen	0
2	12	[1, 2, 3]	qwen	1
2	13	[1, 2, 3]	qwen	1
2	14	[1, 2, 3]	qwen	1
2	15	[1, 2, 3]	qwen	1
2	16	[1, 2, 3]	qwen	1
2	17	[1, 2, 3]	qwen	1
3	1	[1]	blip2	1
3	2	[1]	blip2	0
3	3	[1]	blip2	1
3	4	[2]	blip2	1
3	5	[2]	blip2	0
3	6	[2]	blip2	1
3	7	[3]	blip2	0
3	8	[3]	blip2	1
3	9	[3]	blip2	0
3	10	[4]	blip2	0
3	11	[4]	blip2	0
3	12	[4]	blip2	0
3	13	[1, 3, 4]	blip2	0
3	14	[1, 2, 3]	blip2	0
3	15	[3, 4]	blip2	0
3	16	[1, 2, 3]	blip2	0
3	17	[1, 2, 4]	blip2	0
3	18	[2, 4]	blip2	1
3	19	[3, 4]	blip2	0
3	20	[3, 4]	blip2	0
3	1	[1]	llava	1
3	2	[1]	llava	0
3	3	[1]	llava	1
3	4	[2]	llava	1
3	5	[2]	llava	1
3	6	[2]	llava	1
3	7	[3]	llava	1
3	8	[3]	llava	1
3	9	[3]	llava	0
3	10	[4]	llava	0
3	11	[4]	llava	1
3	12	[4]	llava	1
3	13	[1, 3, 4]	llava	0
3	14	[1, 2, 3]	llava	0
3	15	[3, 4]	llava	0
3	16	[1, 2, 3]	llava	1
3	17	[1, 2, 4]	llava	1
3	18	[2, 4]	llava	1
3	19	[3, 4]	llava	0
3	20	[3, 4]	llava	1
3	1	[1]	qwen	1
3	2	[1]	qwen	0
3	3	[1]	qwen	1
3	4	[2]	qwen	1
3	5	[2]	qwen	1
3	6	[2]	qwen	1
3	7	[3]	qwen	1
3	8	[3]	qwen	0
3	9	[3]	qwen	1
3	10	[4]	qwen	1
3	11	[4]	qwen	1
3	12	[4]	qwen	0
3	13	[1, 3, 4]	qwen	0
3	14	[1, 2, 3]	qwen	0
3	15	[3, 4]	qwen	1
3	16	[1, 2, 3]	qwen	0
3	17	[1, 2, 4]	qwen	1
3	18	[2, 4]	qwen	1
3	19	[3, 4]	qwen	1
3	20	[3, 4]	qwen	1
4	1	[1]	blip2	0
4	2	[1]	blip2	1
4	3	[1]	blip2	0
4	4	[2]	blip2	1
4	5	[2]	blip2	0
4	6	[2]	blip2	0
4	7	[1]	blip2	0
4	8	[1, 2]	blip2	0
4	9	[1, 2]	blip2	0
4	10	[1, 2]	blip2	0
4	11	[1, 2]	blip2	0
4	1	[1]	llava	0
4	2	[1]	llava	0
4	3	[1]	llava	1
4	4	[2]	llava	1
4	5	[2]	llava	1
4	6	[2]	llava	1
4	7	[1]	llava	0
4	8	[1, 2]	llava	0
4	9	[1, 2]	llava	0
4	10	[1, 2]	llava	0
4	11	[1, 2]	llava	0
4	1	[1]	qwen	1
4	2	[1]	qwen	1
4	3	[1]	qwen	1
4	4	[2]	qwen	1
4	5	[2]	qwen	1
4	6	[2]	qwen	1
4	7	[1]	qwen	1
4	8	[1, 2]	qwen	0
4	9	[1, 2]	qwen	0
4	10	[1, 2]	qwen	0
4	11	[1, 2]	qwen	0
5	1	[1]	blip2	1
5	2	[1]	blip2	0
5	3	[1]	blip2	0
5	4	[2]	blip2	1
5	5	[2]	blip2	1
5	6	[2]	blip2	1
5	7	[1, 2]	blip2	0
5	8	[1, 2]	blip2	0
5	9	[1, 2]	blip2	0
5	10	[1, 2]	blip2	0
5	11	[1, 2]	blip2	0
5	12	[1, 2]	blip2	0
5	13	[1, 2]	blip2	0
5	14	[1, 2]	blip2	0
5	15	[1, 2]	blip2	0
5	16	[1, 2]	blip2	0
5	1	[1]	llava	1
5	2	[1]	llava	1
5	3	[1]	llava	1
5	4	[2]	llava	1
5	5	[2]	llava	1
5	6	[2]	llava	1
5	7	[1, 2]	llava	0
5	8	[1, 2]	llava	0
5	9	[1, 2]	llava	1
5	10	[1, 2]	llava	0
5	11	[1, 2]	llava	1
5	12	[1, 2]	llava	1
5	13	[1, 2]	llava	1
5	14	[1, 2]	llava	0
5	15	[1, 2]	llava	0
5	16	[1, 2]	llava	1
5	1	[1]	qwen	1
5	2	[1]	qwen	1
5	3	[1]	qwen	0
5	4	[2]	qwen	1
5	5	[2]	qwen	1
5	6	[2]	qwen	1
5	7	[1, 2]	qwen	0
5	8	[1, 2]	qwen	0
5	9	[1, 2]	qwen	1
5	10	[1, 2]	qwen	0
5	11	[1, 2]	qwen	1
5	12	[1, 2]	qwen	1
5	13	[1, 2]	qwen	1
5	14	[1, 2]	qwen	0
5	15	[1, 2]	qwen	0
5	16	[1, 2]	qwen	1
6	1	[1]	blip2	1
6	2	[1]	blip2	0
6	3	[1]	blip2	0
6	4	[2]	blip2	1
6	5	[2]	blip2	0
6	6	[2]	blip2	0
6	7	[1, 2]	blip2	0
6	8	[1, 2]	blip2	0
6	9	[1, 2]	blip2	0
6	10	[1, 2]	blip2	0
6	11	[1, 2]	blip2	0
6	12	[1, 2]	blip2	0
6	13	[1, 2]	blip2	0
6	14	[1, 2]	blip2	0
6	15	[1, 2]	blip2	0
6	1	[1]	llava	1
6	2	[1]	llava	1
6	3	[1]	llava	0
6	4	[2]	llava	1
6	5	[2]	llava	0
6	6	[2]	llava	1
6	7	[1, 2]	llava	0
6	8	[1, 2]	llava	0
6	9	[1, 2]	llava	0
6	10	[1, 2]	llava	0
6	11	[1, 2]	llava	0
6	12	[1, 2]	llava	0
6	13	[1, 2]	llava	0
6	14	[1, 2]	llava	0
6	15	[1, 2]	llava	1
6	1	[1]	qwen	1
6	2	[1]	qwen	1
6	3	[1]	qwen	0
6	4	[2]	qwen	1
6	5	[2]	qwen	1
6	6	[2]	qwen	1
6	7	[1, 2]	qwen	0
6	8	[1, 2]	qwen	0
6	9	[1, 2]	qwen	0
6	10	[1, 2]	qwen	0
6	11	[1, 2]	qwen	0
6	12	[1, 2]	qwen	0
6	13	[1, 2]	qwen	1
6	14	[1, 2]	qwen	0
6	15	[1, 2]	qwen	0
7	1	[1]	blip2	0
7	2	[1]	blip2	0
7	3	[1]	blip2	1
7	4	[2]	blip2	1
7	5	[2]	blip2	0
7	6	[2]	blip2	0
7	7	[1, 2]	blip2	0
7	8	[1, 2]	blip2	0
7	9	[1, 2]	blip2	0
7	10	[1, 2]	blip2	0
7	11	[1, 2]	blip2	0
7	12	[1, 2]	blip2	0
7	13	[1, 2]	blip2	0
7	14	[1, 2]	blip2	0
7	15	[1, 2]	blip2	0
7	16	[1, 2]	blip2	0
7	1	[1]	llava	1
7	2	[1]	llava	1
7	3	[1]	llava	1
7	4	[2]	llava	1
7	5	[2]	llava	1
7	6	[2]	llava	0
7	7	[1, 2]	llava	0
7	8	[1, 2]	llava	0
7	9	[1, 2]	llava	0
7	10	[1, 2]	llava	1
7	11	[1, 2]	llava	0
7	12	[1, 2]	llava	1
7	13	[1, 2]	llava	0
7	14	[1, 2]	llava	0
7	15	[1, 2]	llava	0
7	16	[1, 2]	llava	0
7	1	[1]	qwen	1
7	2	[1]	qwen	1
7	3	[1]	qwen	1
7	4	[2]	qwen	1
7	5	[2]	qwen	1
7	6	[2]	qwen	0
7	7	[1, 2]	qwen	0
7	8	[1, 2]	qwen	0
7	9	[1, 2]	qwen	1
7	10	[1, 2]	qwen	1
7	11	[1, 2]	qwen	0
7	12	[1, 2]	qwen	0
7	13	[1, 2]	qwen	0
7	14	[1, 2]	qwen	1
7	15	[1, 2]	qwen	1
7	16	[1, 2]	qwen	0
8	1	[1]	blip2	0
8	2	[1]	blip2	0
8	3	[1]	blip2	1
8	4	[2]	blip2	1
8	5	[2]	blip2	1
8	6	[2]	blip2	1
8	7	[3]	blip2	1
8	8	[3]	blip2	0
8	9	[3]	blip2	1
8	10	[4]	blip2	0
8	11	[4]	blip2	1
8	12	[4]	blip2	0
8	13	[1, 4]	blip2	0
8	14	[2, 3]	blip2	0
8	15	[1, 2, 4]	blip2	0
8	16	[3, 4]	blip2	0
8	17	[1, 2, 4]	blip2	0
8	18	[1, 2]	blip2	0
8	19	[2, 3]	blip2	0
8	20	[1, 3, 4]	blip2	0
8	1	[1]	llava	1
8	2	[1]	llava	0
8	3	[1]	llava	1
8	4	[2]	llava	1
8	5	[2]	llava	1
8	6	[2]	llava	1
8	7	[3]	llava	1
8	8	[3]	llava	1
8	9	[3]	llava	1
8	10	[4]	llava	1
8	11	[4]	llava	1
8	12	[4]	llava	0
8	13	[1, 4]	llava	0
8	14	[2, 3]	llava	0
8	15	[1, 2, 4]	llava	0
8	16	[3, 4]	llava	0
8	17	[1, 2, 4]	llava	0
8	18	[1, 2]	llava	1
8	19	[2, 3]	llava	0
8	20	[1, 3, 4]	llava	1
8	1	[1]	qwen	1
8	2	[1]	qwen	1
8	3	[1]	qwen	1
8	4	[2]	qwen	1
8	5	[2]	qwen	1
8	6	[2]	qwen	1
8	7	[3]	qwen	1
8	8	[3]	qwen	1
8	9	[3]	qwen	1
8	10	[4]	qwen	1
8	11	[4]	qwen	1
8	12	[4]	qwen	1
8	13	[1, 4]	qwen	0
8	14	[2, 3]	qwen	0
8	15	[1, 2, 4]	qwen	0
8	16	[3, 4]	qwen	0
8	17	[1, 2, 4]	qwen	0
8	18	[1, 2]	qwen	1
8	19	[2, 3]	qwen	1
8	20	[1, 3, 4]	qwen	1
9	1	[1]	blip2	1
9	2	[1]	blip2	1
9	3	[1]	blip2	1
9	4	[2]	blip2	1
9	5	[2]	blip2	1
9	6	[2]	blip2	1
9	7	[1, 2]	blip2	0
9	8	[1, 2]	blip2	1
9	1	[1]	llava	1
9	2	[1]	llava	1
9	3	[1]	llava	1
9	4	[2]	llava	1
9	5	[2]	llava	1
9	6	[2]	llava	1
9	7	[1, 2]	llava	0
9	8	[1, 2]	llava	1
9	1	[1]	qwen	1
9	2	[1]	qwen	1
9	3	[1]	qwen	1
9	4	[2]	qwen	1
9	5	[2]	qwen	1
9	6	[2]	qwen	1
9	7	[1, 2]	qwen	0
9	8	[1, 2]	qwen	0
10	1	[1]	blip2	1
10	2	[1]	blip2	1
10	3	[1]	blip2	1
10	4	[2]	blip2	1
10	5	[2]	blip2	1
10	6	[2]	blip2	0
10	7	[1, 2]	blip2	0
10	8	[1, 2]	blip2	0
10	9	[1, 2]	blip2	0
10	10	[1, 2]	blip2	0
10	11	[1, 2]	blip2	1
10	12	[1, 2]	blip2	0
10	13	[1, 2]	blip2	1
10	14	[1, 2]	blip2	1
10	15	[1, 2]	blip2	0
10	16	[1, 2]	blip2	0
10	1	[1]	llava	1
10	2	[1]	llava	1
10	3	[1]	llava	1
10	4	[2]	llava	1
10	5	[2]	llava	0
10	6	[2]	llava	1
10	7	[1, 2]	llava	0
10	8	[1, 2]	llava	0
10	9	[1, 2]	llava	1
10	10	[1, 2]	llava	1
10	11	[1, 2]	llava	1
10	12	[1, 2]	llava	0
10	13	[1, 2]	llava	1
10	14	[1, 2]	llava	1
10	15	[1, 2]	llava	0
10	16	[1, 2]	llava	1
10	1	[1]	qwen	1
10	2	[1]	qwen	1
10	3	[1]	qwen	1
10	4	[2]	qwen	1
10	5	[2]	qwen	1
10	6	[2]	qwen	1
10	7	[1, 2]	qwen	1
10	8	[1, 2]	qwen	1
10	9	[1, 2]	qwen	1
10	10	[1, 2]	qwen	1
10	11	[1, 2]	qwen	1
10	12	[1, 2]	qwen	0
10	13	[1, 2]	qwen	0
10	14	[1, 2]	qwen	1
10	15	[1, 2]	qwen	1
10	16	[1, 2]	qwen	1
11	1	[1]	blip2	1
11	2	[1]	blip2	0
11	3	[1]	blip2	0
11	4	[2]	blip2	0
11	5	[2]	blip2	0
11	6	[2]	blip2	0
11	7	[1, 2]	blip2	0
11	8	[1, 2]	blip2	1
11	9	[1, 2]	blip2	0
11	10	[1, 2]	blip2	0
11	11	[1, 2]	blip2	0
11	12	[1, 2]	blip2	0
11	13	[1, 2]	blip2	1
11	14	[1, 2]	blip2	1
11	15	[1, 2]	blip2	1
11	16	[1, 2]	blip2	0
11	1	[1]	llava	1
11	2	[1]	llava	0
11	3	[1]	llava	1
11	4	[2]	llava	1
11	5	[2]	llava	1
11	6	[2]	llava	0
11	7	[1, 2]	llava	0
11	8	[1, 2]	llava	0
11	9	[1, 2]	llava	0
11	10	[1, 2]	llava	0
11	11	[1, 2]	llava	0
11	12	[1, 2]	llava	0
11	13	[1, 2]	llava	0
11	14	[1, 2]	llava	1
11	15	[1, 2]	llava	1
11	16	[1, 2]	llava	0
11	1	[1]	qwen	1
11	2	[1]	qwen	0
11	3	[1]	qwen	1
11	4	[2]	qwen	1
11	5	[2]	qwen	1
11	6	[2]	qwen	1
11	7	[1, 2]	qwen	0
11	8	[1, 2]	qwen	1
11	9	[1, 2]	qwen	1
11	10	[1, 2]	qwen	0
11	11	[1, 2]	qwen	1
11	12	[1, 2]	qwen	0
11	13	[1, 2]	qwen	0
11	14	[1, 2]	qwen	1
11	15	[1, 2]	qwen	1
11	16	[1, 2]	qwen	0
12	1	[1]	blip2	1
12	2	[1]	blip2	1
12	3	[1]	blip2	1
12	4	[2]	blip2	1
12	5	[2]	blip2	0
12	6	[2]	blip2	0
12	7	[1, 2]	blip2	0
12	8	[1]	blip2	0
12	9	[1, 2]	blip2	0
12	10	[1, 2]	blip2	0
12	11	[1, 2]	blip2	0
12	12	[1, 2]	blip2	0
12	13	[1]	blip2	1
12	14	[1, 2]	blip2	0
12	15	[1, 2]	blip2	0
12	1	[1]	llava	1
12	2	[1]	llava	0
12	3	[1]	llava	1
12	4	[2]	llava	1
12	5	[2]	llava	0
12	6	[2]	llava	0
12	7	[1, 2]	llava	0
12	8	[1]	llava	1
12	9	[1, 2]	llava	0
12	10	[1, 2]	llava	0
12	11	[1, 2]	llava	0
12	12	[1, 2]	llava	0
12	13	[1]	llava	1
12	14	[1, 2]	llava	0
12	15	[1, 2]	llava	0
12	1	[1]	qwen	1
12	2	[1]	qwen	1
12	3	[1]	qwen	1
12	4	[2]	qwen	1
12	5	[2]	qwen	0
12	6	[2]	qwen	1
12	7	[1, 2]	qwen	0
12	8	[1]	qwen	1
12	9	[1, 2]	qwen	0
12	10	[1, 2]	qwen	0
12	11	[1, 2]	qwen	0
12	12	[1, 2]	qwen	0
12	13	[1]	qwen	1
12	14	[1, 2]	qwen	0
12	15	[1, 2]	qwen	0
13	1	[1]	blip2	1
13	2	[1]	blip2	0
13	3	[1]	blip2	0
13	4	[2]	blip2	1
13	5	[2]	blip2	1
13	6	[2]	blip2	1
13	7	[3]	blip2	1
13	8	[3]	blip2	1
13	9	[3]	blip2	1
13	10	[4]	blip2	1
13	11	[4]	blip2	1
13	12	[4]	blip2	1
13	13	[3, 4]	blip2	0
13	14	[1, 4]	blip2	0
13	15	[1, 4]	blip2	0
13	16	[2, 3, 4]	blip2	0
13	17	[1, 4]	blip2	0
13	18	[1, 2, 3]	blip2	0
13	1	[1]	llava	0
13	2	[1]	llava	1
13	3	[1]	llava	1
13	4	[2]	llava	1
13	5	[2]	llava	1
13	6	[2]	llava	1
13	7	[3]	llava	1
13	8	[3]	llava	1
13	9	[3]	llava	1
13	10	[4]	llava	1
13	11	[4]	llava	1
13	12	[4]	llava	1
13	13	[3, 4]	llava	0
13	14	[1, 4]	llava	0
13	15	[1, 4]	llava	0
13	16	[2, 3, 4]	llava	0
13	17	[1, 4]	llava	0
13	18	[1, 2, 3]	llava	0
13	1	[1]	qwen	1
13	2	[1]	qwen	1
13	3	[1]	qwen	1
13	4	[2]	qwen	1
13	5	[2]	qwen	1
13	6	[2]	qwen	1
13	7	[3]	qwen	1
13	8	[3]	qwen	1
13	9	[3]	qwen	1
13	10	[4]	qwen	1
13	11	[4]	qwen	1
13	12	[4]	qwen	1
13	13	[3, 4]	qwen	0
13	14	[1, 4]	qwen	0
13	15	[1, 4]	qwen	0
13	16	[2, 3, 4]	qwen	1
13	17	[1, 4]	qwen	0
13	18	[1, 2, 3]	qwen	0
14	1	[1]	blip2	0
14	2	[1]	blip2	1
14	3	[1]	blip2	0
14	4	[1, 2]	blip2	0
14	5	[1, 2]	blip2	0
14	6	[1, 2]	blip2	0
14	7	[1, 2]	blip2	1
14	8	[1, 2]	blip2	0
14	9	[1, 2]	blip2	0
14	10	[1, 2]	blip2	0
14	11	[1, 2]	blip2	0
14	12	[1, 2]	blip2	0
14	13	[1, 2]	blip2	1
14	1	[1]	llava	1
14	2	[1]	llava	1
14	3	[1]	llava	1
14	4	[1, 2]	llava	0
14	5	[1, 2]	llava	0
14	6	[1, 2]	llava	0
14	7	[1, 2]	llava	1
14	8	[1, 2]	llava	0
14	9	[1, 2]	llava	0
14	10	[1, 2]	llava	0
14	11	[1, 2]	llava	1
14	12	[1, 2]	llava	1
14	13	[1, 2]	llava	1
14	1	[1]	qwen	1
14	2	[1]	qwen	1
14	3	[1]	qwen	1
14	4	[1, 2]	qwen	0
14	5	[1, 2]	qwen	0
14	6	[1, 2]	qwen	0
14	7	[1, 2]	qwen	1
14	8	[1, 2]	qwen	0
14	9	[1, 2]	qwen	0
14	10	[1, 2]	qwen	0
14	11	[1, 2]	qwen	1
14	12	[1, 2]	qwen	1
14	13	[1, 2]	qwen	1
15	1	[1]	blip2	0
15	2	[1]	blip2	0
15	3	[1]	blip2	0
15	4	[2]	blip2	1
15	5	[2]	blip2	1
15	6	[2]	blip2	1
15	7	[3]	blip2	0
15	8	[3]	blip2	0
15	9	[3]	blip2	0
15	10	[4]	blip2	0
15	11	[4]	blip2	0
15	12	[4]	blip2	0
15	13	[1, 2, 3, 4]	blip2	0
15	14	[2, 4]	blip2	0
15	15	[1, 3, 4]	blip2	0
15	16	[1, 4]	blip2	0
15	17	[1, 2]	blip2	1
15	18	[3, 4]	blip2	0
15	19	[2, 4]	blip2	0
15	20	[1, 3]	blip2	0
15	1	[1]	llava	1
15	2	[1]	llava	1
15	3	[1]	llava	1
15	4	[2]	llava	1
15	5	[2]	llava	1
15	6	[2]	llava	1
15	7	[3]	llava	0
15	8	[3]	llava	0
15	9	[3]	llava	1
15	10	[4]	llava	1
15	11	[4]	llava	0
15	12	[4]	llava	1
15	13	[1, 2, 3, 4]	llava	0
15	14	[2, 4]	llava	0
15	15	[1, 3, 4]	llava	0
15	16	[1, 4]	llava	1
15	17	[1, 2]	llava	1
15	18	[3, 4]	llava	0
15	19	[2, 4]	llava	0
15	20	[1, 3]	llava	1
15	1	[1]	qwen	0
15	2	[1]	qwen	1
15	3	[1]	qwen	1
15	4	[2]	qwen	1
15	5	[2]	qwen	1
15	6	[2]	qwen	1
15	7	[3]	qwen	0
15	8	[3]	qwen	0
15	9	[3]	qwen	0
15	10	[4]	qwen	0
15	11	[4]	qwen	0
15	12	[4]	qwen	1
15	13	[1, 2, 3, 4]	qwen	1
15	14	[2, 4]	qwen	0
15	15	[1, 3, 4]	qwen	0
15	16	[1, 4]	qwen	0
15	17	[1, 2]	qwen	1
15	18	[3, 4]	qwen	0
15	19	[2, 4]	qwen	1
15	20	[1, 3]	qwen	0
16	1	[1]	blip2	0
16	2	[1]	blip2	1
16	3	[1]	blip2	1
16	4	[2]	blip2	0
16	5	[2]	blip2	1
16	6	[2]	blip2	0
16	7	[1, 2]	blip2	0
16	8	[1, 2]	blip2	1
16	9	[1, 2]	blip2	0
16	10	[1, 2]	blip2	1
16	11	[1, 2]	blip2	1
16	12	[1, 2]	blip2	0
16	13	[1, 2]	blip2	1
16	14	[1, 2]	blip2	0
16	15	[1, 2]	blip2	0
16	16	[1, 2]	blip2	0
16	1	[1]	llava	1
16	2	[1]	llava	1
16	3	[1]	llava	1
16	4	[2]	llava	1
16	5	[2]	llava	1
16	6	[2]	llava	1
16	7	[1, 2]	llava	1
16	8	[1, 2]	llava	1
16	9	[1, 2]	llava	0
16	10	[1, 2]	llava	1
16	11	[1, 2]	llava	1
16	12	[1, 2]	llava	1
16	13	[1, 2]	llava	1
16	14	[1, 2]	llava	1
16	15	[1, 2]	llava	0
16	16	[1, 2]	llava	0
16	1	[1]	qwen	1
16	2	[1]	qwen	1
16	3	[1]	qwen	1
16	4	[2]	qwen	1
16	5	[2]	qwen	1
16	6	[2]	qwen	1
16	7	[1, 2]	qwen	1
16	8	[1, 2]	qwen	1
16	9	[1, 2]	qwen	0
16	10	[1, 2]	qwen	1
16	11	[1, 2]	qwen	1
16	12	[1, 2]	qwen	1
16	13	[1, 2]	qwen	0
16	14	[1, 2]	qwen	1
16	15	[1, 2]	qwen	0
16	16	[1, 2]	qwen	0
17	1	[1]	blip2	1
17	2	[1]	blip2	0
17	3	[1]	blip2	1
17	4	[2]	blip2	1
17	5	[2]	blip2	1
17	6	[2]	blip2	1
17	7	[1, 2]	blip2	0
17	8	[1, 2]	blip2	0
17	9	[1, 2]	blip2	0
17	10	[1, 2]	blip2	0
17	11	[1, 2]	blip2	1
17	12	[1, 2]	blip2	0
17	13	[1, 2]	blip2	0
17	14	[1, 2]	blip2	0
17	15	[1, 2]	blip2	0
17	16	[1, 2]	blip2	1
17	17	[1, 2]	blip2	1
17	18	[1, 2]	blip2	1
17	1	[1]	llava	1
17	2	[1]	llava	1
17	3	[1]	llava	1
17	4	[2]	llava	0
17	5	[2]	llava	1
17	6	[2]	llava	1
17	7	[1, 2]	llava	0
17	8	[1, 2]	llava	1
17	9	[1, 2]	llava	1
17	10	[1, 2]	llava	0
17	11	[1, 2]	llava	1
17	12	[1, 2]	llava	1
17	13	[1, 2]	llava	0
17	14	[1, 2]	llava	0
17	15	[1, 2]	llava	1
17	16	[1, 2]	llava	1
17	17	[1, 2]	llava	1
17	18	[1, 2]	llava	1
17	1	[1]	qwen	1
17	2	[1]	qwen	1
17	3	[1]	qwen	1
17	4	[2]	qwen	1
17	5	[2]	qwen	1
17	6	[2]	qwen	1
17	7	[1, 2]	qwen	0
17	8	[1, 2]	qwen	0
17	9	[1, 2]	qwen	0
17	10	[1, 2]	qwen	0
17	11	[1, 2]	qwen	1
17	12	[1, 2]	qwen	1
17	13	[1, 2]	qwen	0
17	14	[1, 2]	qwen	1
17	15	[1, 2]	qwen	1
17	16	[1, 2]	qwen	1
17	17	[1, 2]	qwen	1
17	18	[1, 2]	qwen	1
18	1	[1]	blip2	0
18	2	[1]	blip2	0
18	3	[1]	blip2	0
18	4	[2]	blip2	0
18	5	[2]	blip2	0
18	6	[2]	blip2	0
18	7	[3]	blip2	0
18	8	[3]	blip2	1
18	9	[3]	blip2	1
18	10	[1, 2, 3]	blip2	0
18	11	[1, 2, 3]	blip2	0
18	12	[1, 2, 3]	blip2	0
18	13	[1, 2, 3]	blip2	0
18	14	[1, 2, 3]	blip2	0
18	15	[1, 2, 3]	blip2	0
18	16	[1, 2, 3]	blip2	0
18	1	[1]	llava	1
18	2	[1]	llava	0
18	3	[1]	llava	1
18	4	[2]	llava	1
18	5	[2]	llava	1
18	6	[2]	llava	1
18	7	[3]	llava	1
18	8	[3]	llava	1
18	9	[3]	llava	1
18	10	[1, 2, 3]	llava	0
18	11	[1, 2, 3]	llava	1
18	12	[1, 2, 3]	llava	0
18	13	[1, 2, 3]	llava	0
18	14	[1, 2, 3]	llava	1
18	15	[1, 2, 3]	llava	0
18	16	[1, 2, 3]	llava	0
18	1	[1]	qwen	1
18	2	[1]	qwen	0
18	3	[1]	qwen	0
18	4	[2]	qwen	0
18	5	[2]	qwen	1
18	6	[2]	qwen	1
18	7	[3]	qwen	1
18	8	[3]	qwen	1
18	9	[3]	qwen	1
18	10	[1, 2, 3]	qwen	0
18	11	[1, 2, 3]	qwen	1
18	12	[1, 2, 3]	qwen	0
18	13	[1, 2, 3]	qwen	0
18	14	[1, 2, 3]	qwen	1
18	15	[1, 2, 3]	qwen	0
18	16	[1, 2, 3]	qwen	0
19	1	[1, 2]	blip2	0
19	2	[1, 2]	blip2	0
19	3	[1, 2]	blip2	1
19	4	[1, 2]	blip2	0
19	5	[1, 2]	blip2	0
19	6	[1, 2]	blip2	0
19	7	[1, 2]	blip2	0
19	8	[1, 2]	blip2	1
19	9	[1, 2]	blip2	0
19	10	[1, 2]	blip2	0
19	1	[1, 2]	llava	0
19	2	[1, 2]	llava	0
19	3	[1, 2]	llava	1
19	4	[1, 2]	llava	0
19	5	[1, 2]	llava	1
19	6	[1, 2]	llava	0
19	7	[1, 2]	llava	1
19	8	[1, 2]	llava	0
19	9	[1, 2]	llava	0
19	10	[1, 2]	llava	1
19	1	[1, 2]	qwen	0
19	2	[1, 2]	qwen	0
19	3	[1, 2]	qwen	1
19	4	[1, 2]	qwen	1
19	5	[1, 2]	qwen	1
19	6	[1, 2]	qwen	1
19	7	[1, 2]	qwen	1
19	8	[1, 2]	qwen	0
19	9	[1, 2]	qwen	1
19	10	[1, 2]	qwen	0
20	1	[1]	blip2	0
20	2	[1]	blip2	0
20	3	[1]	blip2	0
20	4	[2]	blip2	1
20	5	[2]	blip2	0
20	6	[2]	blip2	0
20	7	[3]	blip2	1
20	8	[3]	blip2	0
20	9	[3]	blip2	1
20	10	[1, 2, 3]	blip2	0
20	11	[1, 2, 3]	blip2	0
20	12	[1, 2, 3]	blip2	0
20	13	[1, 2, 3]	blip2	0
20	14	[1, 2, 3]	blip2	0
20	15	[1, 2, 3]	blip2	1
20	16	[1, 2, 3]	blip2	0
20	17	[1, 2, 3]	blip2	1
20	18	[1, 3]	blip2	0
20	19	[1, 2, 3]	blip2	1
20	1	[1]	llava	0
20	2	[1]	llava	1
20	3	[1]	llava	1
20	4	[2]	llava	1
20	5	[2]	llava	1
20	6	[2]	llava	1
20	7	[3]	llava	0
20	8	[3]	llava	1
20	9	[3]	llava	1
20	10	[1, 2, 3]	llava	0
20	11	[1, 2, 3]	llava	1
20	12	[1, 2, 3]	llava	0
20	13	[1, 2, 3]	llava	0
20	14	[1, 2, 3]	llava	1
20	15	[1, 2, 3]	llava	0
20	16	[1, 2, 3]	llava	1
20	17	[1, 2, 3]	llava	1
20	18	[1, 3]	llava	0
20	19	[1, 2, 3]	llava	0
20	1	[1]	qwen	1
20	2	[1]	qwen	1
20	3	[1]	qwen	0
20	4	[2]	qwen	1
20	5	[2]	qwen	0
20	6	[2]	qwen	1
20	7	[3]	qwen	1
20	8	[3]	qwen	1
20	9	[3]	qwen	1
20	10	[1, 2, 3]	qwen	0
20	11	[1, 2, 3]	qwen	0
20	12	[1, 2, 3]	qwen	0
20	13	[1, 2, 3]	qwen	0
20	14	[1, 2, 3]	qwen	0
20	15	[1, 2, 3]	qwen	0
20	16	[1, 2, 3]	qwen	1
20	17	[1, 2, 3]	qwen	1
20	18	[1, 3]	qwen	0
20	19	[1, 2, 3]	qwen	0
21	1	[1]	blip2	0
21	2	[1]	blip2	0
21	3	[1]	blip2	1
21	4	[2]	blip2	1
21	5	[2]	blip2	0
21	6	[2]	blip2	0
21	7	[1, 2]	blip2	0
21	8	[1, 2]	blip2	0
21	9	[1, 2]	blip2	0
21	10	[1, 2]	blip2	0
21	11	[1, 2]	blip2	0
21	12	[1, 2]	blip2	1
21	13	[1, 2]	blip2	0
21	14	[1, 2]	blip2	0
21	15	[1, 2]	blip2	0
21	16	[1, 2]	blip2	1
21	1	[1]	llava	1
21	2	[1]	llava	1
21	3	[1]	llava	1
21	4	[2]	llava	1
21	5	[2]	llava	1
21	6	[2]	llava	1
21	7	[1, 2]	llava	0
21	8	[1, 2]	llava	0
21	9	[1, 2]	llava	0
21	10	[1, 2]	llava	0
21	11	[1, 2]	llava	0
21	12	[1, 2]	llava	1
21	13	[1, 2]	llava	0
21	14	[1, 2]	llava	0
21	15	[1, 2]	llava	0
21	16	[1, 2]	llava	1
21	1	[1]	qwen	1
21	2	[1]	qwen	1
21	3	[1]	qwen	1
21	4	[2]	qwen	1
21	5	[2]	qwen	1
21	6	[2]	qwen	1
21	7	[1, 2]	qwen	0
21	8	[1, 2]	qwen	0
21	9	[1, 2]	qwen	0
21	10	[1, 2]	qwen	0
21	11	[1, 2]	qwen	0
21	12	[1, 2]	qwen	0
21	13	[1, 2]	qwen	0
21	14	[1, 2]	qwen	1
21	15	[1, 2]	qwen	1
21	16	[1, 2]	qwen	1
22	1	[1]	blip2	0
22	2	[1]	blip2	0
22	3	[1]	blip2	0
22	4	[2]	blip2	1
22	5	[2]	blip2	1
22	6	[2]	blip2	0
22	7	[1, 2]	blip2	0
22	8	[1, 2]	blip2	0
22	9	[1, 2]	blip2	0
22	10	[1, 2]	blip2	1
22	11	[1, 2]	blip2	1
22	12	[1, 2]	blip2	0
22	13	[1, 2]	blip2	1
22	14	[1, 2]	blip2	0
22	15	[1, 2]	blip2	1
22	16	[1, 2]	blip2	1
22	1	[1]	llava	0
22	2	[1]	llava	0
22	3	[1]	llava	0
22	4	[2]	llava	1
22	5	[2]	llava	0
22	6	[2]	llava	1
22	7	[1, 2]	llava	0
22	8	[1, 2]	llava	0
22	9	[1, 2]	llava	0
22	10	[1, 2]	llava	1
22	11	[1, 2]	llava	0
22	12	[1, 2]	llava	0
22	13	[1, 2]	llava	1
22	14	[1, 2]	llava	0
22	15	[1, 2]	llava	0
22	16	[1, 2]	llava	1
22	1	[1]	qwen	0
22	2	[1]	qwen	1
22	3	[1]	qwen	1
22	4	[2]	qwen	1
22	5	[2]	qwen	1
22	6	[2]	qwen	1
22	7	[1, 2]	qwen	0
22	8	[1, 2]	qwen	0
22	9	[1, 2]	qwen	0
22	10	[1, 2]	qwen	1
22	11	[1, 2]	qwen	0
22	12	[1, 2]	qwen	0
22	13	[1, 2]	qwen	1
22	14	[1, 2]	qwen	0
22	15	[1, 2]	qwen	0
22	16	[1, 2]	qwen	1
23	1	[1]	blip2	0
23	2	[1]	blip2	1
23	3	[1]	blip2	0
23	4	[2]	blip2	0
23	5	[2]	blip2	1
23	6	[2]	blip2	0
23	7	[3]	blip2	1
23	8	[3]	blip2	1
23	9	[3]	blip2	0
23	10	[1, 2, 3]	blip2	0
23	11	[1, 2, 3]	blip2	0
23	12	[1, 2, 3]	blip2	0
23	13	[1, 2, 3]	blip2	0
23	14	[1, 2, 3]	blip2	0
23	15	[1, 2, 3]	blip2	1
23	16	[1, 2, 3]	blip2	0
23	17	[1, 2, 3]	blip2	0
23	18	[1, 2, 3]	blip2	0
23	19	[1, 2, 3]	blip2	0
23	1	[1]	llava	1
23	2	[1]	llava	1
23	3	[1]	llava	1
23	4	[2]	llava	0
23	5	[2]	llava	1
23	6	[2]	llava	0
23	7	[3]	llava	1
23	8	[3]	llava	1
23	9	[3]	llava	1
23	10	[1, 2, 3]	llava	0
23	11	[1, 2, 3]	llava	0
23	12	[1, 2, 3]	llava	0
23	13	[1, 2, 3]	llava	0
23	14	[1, 2, 3]	llava	0
23	15	[1, 2, 3]	llava	1
23	16	[1, 2, 3]	llava	0
23	17	[1, 2, 3]	llava	0
23	18	[1, 2, 3]	llava	1
23	19	[1, 2, 3]	llava	0
23	1	[1]	qwen	1
23	2	[1]	qwen	1
23	3	[1]	qwen	1
23	4	[2]	qwen	1
23	5	[2]	qwen	1
23	6	[2]	qwen	1
23	7	[3]	qwen	1
23	8	[3]	qwen	1
23	9	[3]	qwen	1
23	10	[1, 2, 3]	qwen	0
23	11	[1, 2, 3]	qwen	0
23	12	[1, 2, 3]	qwen	0
23	13	[1, 2, 3]	qwen	0
23	14	[1, 2, 3]	qwen	0
23	15	[1, 2, 3]	qwen	1
23	16	[1, 2, 3]	qwen	0
23	17	[1, 2, 3]	qwen	1
23	18	[1, 2, 3]	qwen	1
23	19	[1, 2, 3]	qwen	0
24	1	[1, 2]	blip2	0
24	2	[1, 2]	blip2	0
24	3	[1, 2]	blip2	0
24	4	[1, 2]	blip2	0
24	5	[1, 2]	blip2	0
24	6	[1, 2]	blip2	0
24	7	[1, 2]	blip2	0
24	8	[1, 2]	blip2	1
24	9	[1, 2]	blip2	0
24	10	[1, 2]	blip2	1
24	1	[1, 2]	llava	0
24	2	[1, 2]	llava	0
24	3	[1, 2]	llava	1
24	4	[1, 2]	llava	0
24	5	[1, 2]	llava	0
24	6	[1, 2]	llava	0
24	7	[1, 2]	llava	0
24	8	[1, 2]	llava	1
24	9	[1, 2]	llava	1
24	10	[1, 2]	llava	0
24	1	[1, 2]	qwen	0
24	2	[1, 2]	qwen	0
24	3	[1, 2]	qwen	1
24	4	[1, 2]	qwen	0
24	5	[1, 2]	qwen	0
24	6	[1, 2]	qwen	0
24	7	[1, 2]	qwen	0
24	8	[1, 2]	qwen	1
24	9	[1, 2]	qwen	1
24	10	[1, 2]	qwen	1
25	1	[1]	blip2	0
25	2	[2]	blip2	0
25	3	[2]	blip2	0
25	4	[2]	blip2	0
25	5	[3]	blip2	0
25	6	[3]	blip2	0
25	7	[3]	blip2	0
25	8	[1, 2, 3]	blip2	0
25	1	[1]	llava	0
25	2	[2]	llava	1
25	3	[2]	llava	0
25	4	[2]	llava	1
25	5	[3]	llava	1
25	6	[3]	llava	1
25	7	[3]	llava	0
25	8	[1, 2, 3]	llava	1
25	1	[1]	qwen	1
25	2	[2]	qwen	1
25	3	[2]	qwen	1
25	4	[2]	qwen	1
25	5	[3]	qwen	1
25	6	[3]	qwen	0
25	7	[3]	qwen	1
25	8	[1, 2, 3]	qwen	1
26	1	[1]	blip2	0
26	2	[1]	blip2	1
26	3	[1]	blip2	0
26	4	[2]	blip2	1
26	5	[2]	blip2	1
26	6	[2]	blip2	0
26	7	[1, 2, 3]	blip2	0
26	8	[1, 2, 3]	blip2	0
26	9	[1, 2, 3]	blip2	0
26	10	[1, 2, 3]	blip2	0
26	11	[1, 2, 3]	blip2	0
26	12	[1, 2, 3]	blip2	0
26	13	[1, 2, 3]	blip2	0
26	1	[1]	llava	0
26	2	[1]	llava	1
26	3	[1]	llava	1
26	4	[2]	llava	0
26	5	[2]	llava	1
26	6	[2]	llava	1
26	7	[1, 2, 3]	llava	0
26	8	[1, 2, 3]	llava	0
26	9	[1, 2, 3]	llava	0
26	10	[1, 2, 3]	llava	0
26	11	[1, 2, 3]	llava	0
26	12	[1, 2, 3]	llava	0
26	13	[1, 2, 3]	llava	0
26	1	[1]	qwen	1
26	2	[1]	qwen	1
26	3	[1]	qwen	1
26	4	[2]	qwen	1
26	5	[2]	qwen	1
26	6	[2]	qwen	1
26	7	[1, 2, 3]	qwen	0
26	8	[1, 2, 3]	qwen	0
26	9	[1, 2, 3]	qwen	0
26	10	[1, 2, 3]	qwen	0
26	11	[1, 2, 3]	qwen	0
26	12	[1, 2, 3]	qwen	0
26	13	[1, 2, 3]	qwen	0
27	1	[1]	blip2	0
27	2	[1]	blip2	0
27	3	[1]	blip2	0
27	4	[2]	blip2	0
27	5	[2]	blip2	1
27	6	[2]	blip2	0
27	7	[1, 2]	blip2	0
27	8	[1, 2]	blip2	0
27	9	[1, 2]	blip2	0
27	10	[1, 2]	blip2	0
27	11	[1, 2]	blip2	0
27	12	[1, 2]	blip2	0
27	13	[1, 2]	blip2	1
27	14	[1, 2]	blip2	0
27	15	[1, 2]	blip2	0
27	16	[1, 2]	blip2	0
27	17	[1, 2]	blip2	0
27	18	[1, 2]	blip2	1
27	1	[1]	llava	1
27	2	[1]	llava	0
27	3	[1]	llava	0
27	4	[2]	llava	1
27	5	[2]	llava	1
27	6	[2]	llava	1
27	7	[1, 2]	llava	0
27	8	[1, 2]	llava	0
27	9	[1, 2]	llava	0
27	10	[1, 2]	llava	0
27	11	[1, 2]	llava	1
27	12	[1, 2]	llava	0
27	13	[1, 2]	llava	1
27	14	[1, 2]	llava	0
27	15	[1, 2]	llava	0
27	16	[1, 2]	llava	0
27	17	[1, 2]	llava	0
27	18	[1, 2]	llava	1
27	1	[1]	qwen	1
27	2	[1]	qwen	0
27	3	[1]	qwen	1
27	4	[2]	qwen	1
27	5	[2]	qwen	1
27	6	[2]	qwen	1
27	7	[1, 2]	qwen	0
27	8	[1, 2]	qwen	0
27	9	[1, 2]	qwen	0
27	10	[1, 2]	qwen	0
27	11	[1, 2]	qwen	1
27	12	[1, 2]	qwen	0
27	13	[1, 2]	qwen	1
27	14	[1, 2]	qwen	0
27	15	[1, 2]	qwen	0
27	16	[1, 2]	qwen	0
27	17	[1, 2]	qwen	0
27	18	[1, 2]	qwen	1
28	1	[1]	blip2	0
28	2	[1]	blip2	0
28	3	[1]	blip2	0
28	4	[2]	blip2	0
28	5	[2]	blip2	1
28	6	[2]	blip2	0
28	7	[3]	blip2	0
28	8	[3]	blip2	1
28	9	[3]	blip2	1
28	10	[4]	blip2	1
28	11	[4]	blip2	0
28	12	[4]	blip2	0
28	13	[5]	blip2	1
28	14	[5]	blip2	0
28	15	[5]	blip2	1
28	16	[1, 3]	blip2	0
28	17	[2, 4, 5]	blip2	0
28	18	[2, 3, 4]	blip2	0
28	19	[3, 4, 5]	blip2	0
28	20	[1, 5]	blip2	0
28	1	[1]	llava	0
28	2	[1]	llava	0
28	3	[1]	llava	0
28	4	[2]	llava	0
28	5	[2]	llava	1
28	6	[2]	llava	1
28	7	[3]	llava	0
28	8	[3]	llava	1
28	9	[3]	llava	1
28	10	[4]	llava	1
28	11	[4]	llava	0
28	12	[4]	llava	1
28	13	[5]	llava	1
28	14	[5]	llava	1
28	15	[5]	llava	1
28	16	[1, 3]	llava	0
28	17	[2, 4, 5]	llava	0
28	18	[2, 3, 4]	llava	0
28	19	[3, 4, 5]	llava	1
28	20	[1, 5]	llava	0
28	1	[1]	qwen	1
28	2	[1]	qwen	1
28	3	[1]	qwen	1
28	4	[2]	qwen	1
28	5	[2]	qwen	1
28	6	[2]	qwen	0
28	7	[3]	qwen	1
28	8	[3]	qwen	1
28	9	[3]	qwen	1
28	10	[4]	qwen	1
28	11	[4]	qwen	1
28	12	[4]	qwen	1
28	13	[5]	qwen	1
28	14	[5]	qwen	1
28	15	[5]	qwen	1
28	16	[1, 3]	qwen	0
28	17	[2, 4, 5]	qwen	0
28	18	[2, 3, 4]	qwen	1
28	19	[3, 4, 5]	qwen	1
28	20	[1, 5]	qwen	0
29	1	[1, 2]	blip2	1
29	2	[1, 2]	blip2	1
29	3	[1, 2]	blip2	0
29	4	[1, 2]	blip2	1
29	5	[1, 2]	blip2	1
29	6	[1, 2]	blip2	0
29	7	[1, 2]	blip2	1
29	8	[1, 2]	blip2	0
29	9	[1, 2]	blip2	0
29	10	[1, 2]	blip2	0
29	1	[1, 2]	llava	0
29	2	[1, 2]	llava	1
29	3	[1, 2]	llava	0
29	4	[1, 2]	llava	1
29	5	[1, 2]	llava	1
29	6	[1, 2]	llava	1
29	7	[1, 2]	llava	1
29	8	[1, 2]	llava	0
29	9	[1, 2]	llava	0
29	10	[1, 2]	llava	0
29	1	[1, 2]	qwen	0
29	2	[1, 2]	qwen	1
29	3	[1, 2]	qwen	0
29	4	[1, 2]	qwen	1
29	5	[1, 2]	qwen	1
29	6	[1, 2]	qwen	1
29	7	[1, 2]	qwen	1
29	8	[1, 2]	qwen	1
29	9	[1, 2]	qwen	1
29	10	[1, 2]	qwen	1
30	1	[1]	blip2	1
30	2	[1]	blip2	1
30	3	[1]	blip2	1
30	4	[2]	blip2	0
30	5	[3]	blip2	1
30	6	[3]	blip2	0
30	7	[3]	blip2	0
30	8	[1, 2, 3]	blip2	0
30	9	[2, 3]	blip2	0
30	10	[1, 3]	blip2	0
30	11	[1, 2]	blip2	0
30	12	[1, 2, 3]	blip2	0
30	13	[2, 3]	blip2	0
30	1	[1]	llava	1
30	2	[1]	llava	1
30	3	[1]	llava	1
30	4	[2]	llava	1
30	5	[3]	llava	1
30	6	[3]	llava	1
30	7	[3]	llava	1
30	8	[1, 2, 3]	llava	1
30	9	[2, 3]	llava	0
30	10	[1, 3]	llava	0
30	11	[1, 2]	llava	0
30	12	[1, 2, 3]	llava	0
30	13	[2, 3]	llava	1
30	1	[1]	qwen	0
30	2	[1]	qwen	1
30	3	[1]	qwen	1
30	4	[2]	qwen	0
30	5	[3]	qwen	1
30	6	[3]	qwen	1
30	7	[3]	qwen	1
30	8	[1, 2, 3]	qwen	0
30	9	[2, 3]	qwen	1
30	10	[1, 3]	qwen	0
30	11	[1, 2]	qwen	1
30	12	[1, 2, 3]	qwen	1
30	13	[2, 3]	qwen	1
31	1	[1, 2]	blip2	1
31	2	[2]	blip2	0
31	3	[2]	blip2	1
31	4	[3]	blip2	0
31	5	[3]	blip2	1
31	6	[3]	blip2	1
31	7	[4]	blip2	1
31	8	[4]	blip2	1
31	9	[4]	blip2	0
31	10	[5]	blip2	0
31	11	[5]	blip2	0
31	12	[5]	blip2	1
31	13	[1, 5]	blip2	0
31	14	[2, 5]	blip2	0
31	15	[3, 4, 5]	blip2	0
31	16	[1, 3, 5]	blip2	0
31	17	[3, 4]	blip2	0
31	1	[1, 2]	llava	1
31	2	[2]	llava	1
31	3	[2]	llava	1
31	4	[3]	llava	1
31	5	[3]	llava	1
31	6	[3]	llava	1
31	7	[4]	llava	1
31	8	[4]	llava	1
31	9	[4]	llava	1
31	10	[5]	llava	1
31	11	[5]	llava	0
31	12	[5]	llava	1
31	13	[1, 5]	llava	0
31	14	[2, 5]	llava	0
31	15	[3, 4, 5]	llava	0
31	16	[1, 3, 5]	llava	0
31	17	[3, 4]	llava	0
31	1	[1, 2]	qwen	1
31	2	[2]	qwen	1
31	3	[2]	qwen	1
31	4	[3]	qwen	0
31	5	[3]	qwen	1
31	6	[3]	qwen	1
31	7	[4]	qwen	1
31	8	[4]	qwen	1
31	9	[4]	qwen	1
31	10	[5]	qwen	1
31	11	[5]	qwen	0
31	12	[5]	qwen	1
31	13	[1, 5]	qwen	0
31	14	[2, 5]	qwen	0
31	15	[3, 4, 5]	qwen	0
31	16	[1, 3, 5]	qwen	0
31	17	[3, 4]	qwen	1
32	1	[1]	blip2	0
32	2	[1]	blip2	1
32	3	[1]	blip2	0
32	4	[2]	blip2	1
32	5	[2]	blip2	0
32	6	[2]	blip2	1
32	7	[3]	blip2	1
32	8	[3]	blip2	0
32	9	[3]	blip2	1
32	10	[4]	blip2	0
32	11	[4]	blip2	0
32	12	[4]	blip2	1
32	13	[5]	blip2	1
32	14	[5]	blip2	1
32	15	[5]	blip2	0
32	16	[1, 2, 5]	blip2	0
32	17	[2, 3, 4]	blip2	0
32	18	[2]	blip2	1
32	19	[1, 3, 5]	blip2	0
32	20	[3, 4, 5]	blip2	0
32	1	[1]	llava	1
32	2	[1]	llava	1
32	3	[1]	llava	1
32	4	[2]	llava	1
32	5	[2]	llava	0
32	6	[2]	llava	1
32	7	[3]	llava	1
32	8	[3]	llava	1
32	9	[3]	llava	1
32	10	[4]	llava	1
32	11	[4]	llava	1
32	12	[4]	llava	1
32	13	[5]	llava	1
32	14	[5]	llava	1
32	15	[5]	llava	0
32	16	[1, 2, 5]	llava	1
32	17	[2, 3, 4]	llava	1
32	18	[2]	llava	1
32	19	[1, 3, 5]	llava	0
32	20	[3, 4, 5]	llava	0
32	1	[1]	qwen	1
32	2	[1]	qwen	1
32	3	[1]	qwen	1
32	4	[2]	qwen	1
32	5	[2]	qwen	0
32	6	[2]	qwen	1
32	7	[3]	qwen	1
32	8	[3]	qwen	1
32	9	[3]	qwen	1
32	10	[4]	qwen	1
32	11	[4]	qwen	1
32	12	[4]	qwen	1
32	13	[5]	qwen	1
32	14	[5]	qwen	1
32	15	[5]	qwen	1
32	16	[1, 2, 5]	qwen	0
32	17	[2, 3, 4]	qwen	0
32	18	[2]	qwen	1
32	19	[1, 3, 5]	qwen	0
32	20	[3, 4, 5]	qwen	1
33	1	[1]	blip2	1
33	2	[1]	blip2	1
33	3	[1]	blip2	1
33	4	[2]	blip2	1
33	5	[2]	blip2	1
33	6	[2]	blip2	1
33	7	[3]	blip2	0
33	8	[3]	blip2	0
33	9	[3]	blip2	0
33	10	[4]	blip2	0
33	11	[4]	blip2	0
33	12	[4]	blip2	1
33	13	[1, 2, 3, 4]	blip2	0
33	14	[1, 4]	blip2	0
33	15	[2, 3, 4]	blip2	0
33	16	[1, 2, 3, 4]	blip2	0
33	17	[1, 2]	blip2	0
33	18	[1, 2, 3, 4]	blip2	0
33	19	[2, 3]	blip2	0
33	20	[1, 4]	blip2	0
33	1	[1]	llava	0
33	2	[1]	llava	1
33	3	[1]	llava	1
33	4	[2]	llava	1
33	5	[2]	llava	0
33	6	[2]	llava	1
33	7	[3]	llava	0
33	8	[3]	llava	1
33	9	[3]	llava	0
33	10	[4]	llava	0
33	11	[4]	llava	0
33	12	[4]	llava	0
33	13	[1, 2, 3, 4]	llava	0
33	14	[1, 4]	llava	1
33	15	[2, 3, 4]	llava	0
33	16	[1, 2, 3, 4]	llava	0
33	17	[1, 2]	llava	0
33	18	[1, 2, 3, 4]	llava	1
33	19	[2, 3]	llava	1
33	20	[1, 4]	llava	0
33	1	[1]	qwen	1
33	2	[1]	qwen	1
33	3	[1]	qwen	1
33	4	[2]	qwen	1
33	5	[2]	qwen	1
33	6	[2]	qwen	1
33	7	[3]	qwen	1
33	8	[3]	qwen	1
33	9	[3]	qwen	1
33	10	[4]	qwen	0
33	11	[4]	qwen	0
33	12	[4]	qwen	1
33	13	[1, 2, 3, 4]	qwen	0
33	14	[1, 4]	qwen	1
33	15	[2, 3, 4]	qwen	0
33	16	[1, 2, 3, 4]	qwen	0
33	17	[1, 2]	qwen	0
33	18	[1, 2, 3, 4]	qwen	0
33	19	[2, 3]	qwen	1
33	20	[1, 4]	qwen	0
34	1	[1, 2]	blip2	0
34	2	[1, 2]	blip2	0
34	3	[1, 2]	blip2	0
34	4	[1, 2]	blip2	0
34	5	[1, 2]	blip2	0
34	6	[1, 2]	blip2	0
34	7	[1, 2]	blip2	0
34	8	[1, 2]	blip2	0
34	9	[1, 2]	blip2	0
34	10	[1, 2]	blip2	0
34	1	[1, 2]	llava	0
34	2	[1, 2]	llava	0
34	3	[1, 2]	llava	0
34	4	[1, 2]	llava	0
34	5	[1, 2]	llava	0
34	6	[1, 2]	llava	1
34	7	[1, 2]	llava	1
34	8	[1, 2]	llava	1
34	9	[1, 2]	llava	1
34	10	[1, 2]	llava	0
34	1	[1, 2]	qwen	0
34	2	[1, 2]	qwen	0
34	3	[1, 2]	qwen	0
34	4	[1, 2]	qwen	0
34	5	[1, 2]	qwen	0
34	6	[1, 2]	qwen	1
34	7	[1, 2]	qwen	1
34	8	[1, 2]	qwen	0
34	9	[1, 2]	qwen	0
34	10	[1, 2]	qwen	0
35	1	[1]	blip2	0
35	2	[1]	blip2	1
35	3	[2]	blip2	0
35	4	[2]	blip2	0
35	5	[2]	blip2	1
35	6	[1, 2]	blip2	0
35	7	[1, 2]	blip2	0
35	8	[1, 2]	blip2	0
35	9	[1, 2]	blip2	0
35	10	[1, 2]	blip2	0
35	11	[1, 2]	blip2	0
35	12	[1, 2]	blip2	0
35	13	[1, 2]	blip2	0
35	14	[1, 2]	blip2	0
35	15	[1, 2]	blip2	0
35	1	[1]	llava	1
35	2	[1]	llava	1
35	3	[2]	llava	1
35	4	[2]	llava	1
35	5	[2]	llava	0
35	6	[1, 2]	llava	0
35	7	[1, 2]	llava	0
35	8	[1, 2]	llava	0
35	9	[1, 2]	llava	1
35	10	[1, 2]	llava	1
35	11	[1, 2]	llava	0
35	12	[1, 2]	llava	0
35	13	[1, 2]	llava	0
35	14	[1, 2]	llava	0
35	15	[1, 2]	llava	0
35	1	[1]	qwen	1
35	2	[1]	qwen	1
35	3	[2]	qwen	1
35	4	[2]	qwen	1
35	5	[2]	qwen	1
35	6	[1, 2]	qwen	0
35	7	[1, 2]	qwen	0
35	8	[1, 2]	qwen	0
35	9	[1, 2]	qwen	0
35	10	[1, 2]	qwen	0
35	11	[1, 2]	qwen	0
35	12	[1, 2]	qwen	0
35	13	[1, 2]	qwen	0
35	14	[1, 2]	qwen	0
35	15	[1, 2]	qwen	0
36	1	[1, 2]	blip2	0
36	2	[1, 2]	blip2	0
36	3	[1, 2]	blip2	0
36	4	[1, 2]	blip2	0
36	5	[1, 2]	blip2	0
36	6	[1, 2]	blip2	0
36	7	[1, 2]	blip2	0
36	8	[1, 2]	blip2	0
36	9	[1, 2]	blip2	0
36	10	[1, 2]	blip2	0
36	1	[1, 2]	llava	0
36	2	[1, 2]	llava	0
36	3	[1, 2]	llava	0
36	4	[1, 2]	llava	1
36	5	[1, 2]	llava	1
36	6	[1, 2]	llava	0
36	7	[1, 2]	llava	1
36	8	[1, 2]	llava	0
36	9	[1, 2]	llava	1
36	10	[1, 2]	llava	0
36	1	[1, 2]	qwen	0
36	2	[1, 2]	qwen	0
36	3	[1, 2]	qwen	0
36	4	[1, 2]	qwen	1
36	5	[1, 2]	qwen	1
36	6	[1, 2]	qwen	0
36	7	[1, 2]	qwen	1
36	8	[1, 2]	qwen	0
36	9	[1, 2]	qwen	1
36	10	[1, 2]	qwen	0
37	1	[1]	blip2	1
37	2	[1]	blip2	0
37	3	[1]	blip2	1
37	4	[2]	blip2	1
37	5	[3]	blip2	0
37	6	[3]	blip2	0
37	7	[3]	blip2	0
37	8	[4]	blip2	0
37	9	[4]	blip2	0
37	10	[4]	blip2	0
37	11	[5]	blip2	1
37	12	[5]	blip2	1
37	13	[5]	blip2	1
37	14	[1, 2, 4]	blip2	0
37	15	[1, 3]	blip2	0
37	16	[2, 4, 5]	blip2	0
37	17	[3, 5]	blip2	0
37	18	[2, 4]	blip2	0
37	19	[1, 5]	blip2	0
37	20	[1, 3, 5]	blip2	0
37	1	[1]	llava	1
37	2	[1]	llava	1
37	3	[1]	llava	1
37	4	[2]	llava	1
37	5	[3]	llava	0
37	6	[3]	llava	1
37	7	[3]	llava	1
37	8	[4]	llava	1
37	9	[4]	llava	1
37	10	[4]	llava	1
37	11	[5]	llava	1
37	12	[5]	llava	1
37	13	[5]	llava	1
37	14	[1, 2, 4]	llava	0
37	15	[1, 3]	llava	1
37	16	[2, 4, 5]	llava	1
37	17	[3, 5]	llava	0
37	18	[2, 4]	llava	1
37	19	[1, 5]	llava	0
37	20	[1, 3, 5]	llava	0
37	1	[1]	qwen	1
37	2	[1]	qwen	1
37	3	[1]	qwen	1
37	4	[2]	qwen	1
37	5	[3]	qwen	0
37	6	[3]	qwen	0
37	7	[3]	qwen	1
37	8	[4]	qwen	1
37	9	[4]	qwen	1
37	10	[4]	qwen	1
37	11	[5]	qwen	1
37	12	[5]	qwen	1
37	13	[5]	qwen	1
37	14	[1, 2, 4]	qwen	0
37	15	[1, 3]	qwen	1
37	16	[2, 4, 5]	qwen	1
37	17	[3, 5]	qwen	1
37	18	[2, 4]	qwen	1
37	19	[1, 5]	qwen	0
37	20	[1, 3, 5]	qwen	1
38	1	[1, 2]	blip2	0
38	2	[1, 2]	blip2	0
38	3	[1, 2]	blip2	0
38	4	[1, 2]	blip2	1
38	5	[1, 2]	blip2	0
38	6	[1, 2]	blip2	0
38	7	[1, 2]	blip2	0
38	8	[1, 2]	blip2	0
38	9	[1, 2]	blip2	0
38	10	[1, 2]	blip2	0
38	1	[1, 2]	llava	0
38	2	[1, 2]	llava	0
38	3	[1, 2]	llava	1
38	4	[1, 2]	llava	0
38	5	[1, 2]	llava	0
38	6	[1, 2]	llava	1
38	7	[1, 2]	llava	0
38	8	[1, 2]	llava	1
38	9	[1, 2]	llava	0
38	10	[1, 2]	llava	1
38	1	[1, 2]	qwen	0
38	2	[1, 2]	qwen	0
38	3	[1, 2]	qwen	1
38	4	[1, 2]	qwen	0
38	5	[1, 2]	qwen	1
38	6	[1, 2]	qwen	0
38	7	[1, 2]	qwen	0
38	8	[1, 2]	qwen	1
38	9	[1, 2]	qwen	1
38	10	[1, 2]	qwen	1
39	1	[1]	blip2	1
39	2	[1]	blip2	0
39	3	[1]	blip2	0
39	4	[2]	blip2	0
39	5	[2]	blip2	1
39	6	[2]	blip2	1
39	7	[3]	blip2	1
39	8	[3]	blip2	0
39	9	[3]	blip2	0
39	10	[4]	blip2	1
39	11	[4]	blip2	0
39	12	[4]	blip2	1
39	13	[5]	blip2	0
39	14	[5]	blip2	0
39	15	[5]	blip2	0
39	16	[2, 3, 4]	blip2	0
39	17	[1, 3, 5]	blip2	0
39	18	[1, 3]	blip2	0
39	19	[2, 4]	blip2	0
39	20	[2, 4, 5]	blip2	0
39	1	[1]	llava	1
39	2	[1]	llava	0
39	3	[1]	llava	0
39	4	[2]	llava	0
39	5	[2]	llava	1
39	6	[2]	llava	1
39	7	[3]	llava	1
39	8	[3]	llava	1
39	9	[3]	llava	0
39	10	[4]	llava	1
39	11	[4]	llava	1
39	12	[4]	llava	1
39	13	[5]	llava	0
39	14	[5]	llava	1
39	15	[5]	llava	1
39	16	[2, 3, 4]	llava	0
39	17	[1, 3, 5]	llava	1
39	18	[1, 3]	llava	1
39	19	[2, 4]	llava	0
39	20	[2, 4, 5]	llava	0
39	1	[1]	qwen	1
39	2	[1]	qwen	1
39	3	[1]	qwen	0
39	4	[2]	qwen	0
39	5	[2]	qwen	1
39	6	[2]	qwen	1
39	7	[3]	qwen	1
39	8	[3]	qwen	1
39	9	[3]	qwen	1
39	10	[4]	qwen	1
39	11	[4]	qwen	1
39	12	[4]	qwen	1
39	13	[5]	qwen	0
39	14	[5]	qwen	1
39	15	[5]	qwen	1
39	16	[2, 3, 4]	qwen	0
39	17	[1, 3, 5]	qwen	0
39	18	[1, 3]	qwen	1
39	19	[2, 4]	qwen	0
39	20	[2, 4, 5]	qwen	1
40	1	[1]	blip2	0
40	2	[1]	blip2	0
40	3	[2]	blip2	1
40	4	[2]	blip2	0
40	5	[2]	blip2	0
40	6	[3]	blip2	0
40	7	[3]	blip2	0
40	8	[3]	blip2	0
40	9	[4]	blip2	0
40	10	[4]	blip2	0
40	11	[4]	blip2	0
40	12	[5]	blip2	1
40	13	[5]	blip2	1
40	14	[5]	blip2	0
40	15	[2, 3, 4, 5]	blip2	0
40	16	[1, 4]	blip2	0
40	17	[1, 2, 4, 5]	blip2	0
40	18	[1, 3, 4, 5]	blip2	0
40	19	[2, 4]	blip2	0
40	20	[2, 4, 5]	blip2	0
40	1	[1]	llava	1
40	2	[1]	llava	0
40	3	[2]	llava	1
40	4	[2]	llava	1
40	5	[2]	llava	0
40	6	[3]	llava	0
40	7	[3]	llava	0
40	8	[3]	llava	1
40	9	[4]	llava	1
40	10	[4]	llava	0
40	11	[4]	llava	0
40	12	[5]	llava	1
40	13	[5]	llava	0
40	14	[5]	llava	1
40	15	[2, 3, 4, 5]	llava	0
40	16	[1, 4]	llava	0
40	17	[1, 2, 4, 5]	llava	1
40	18	[1, 3, 4, 5]	llava	0
40	19	[2, 4]	llava	0
40	20	[2, 4, 5]	llava	0
40	1	[1]	qwen	1
40	2	[1]	qwen	1
40	3	[2]	qwen	1
40	4	[2]	qwen	1
40	5	[2]	qwen	1
40	6	[3]	qwen	1
40	7	[3]	qwen	1
40	8	[3]	qwen	1
40	9	[4]	qwen	1
40	10	[4]	qwen	1
40	11	[4]	qwen	1
40	12	[5]	qwen	1
40	13	[5]	qwen	1
40	14	[5]	qwen	1
40	15	[2, 3, 4, 5]	qwen	0
40	16	[1, 4]	qwen	1
40	17	[1, 2, 4, 5]	qwen	1
40	18	[1, 3, 4, 5]	qwen	0
40	19	[2, 4]	qwen	0
40	20	[2, 4, 5]	qwen	1
41	1	[1]	blip2	0
41	2	[1]	blip2	1
41	3	[1]	blip2	0
41	4	[2]	blip2	0
41	5	[2]	blip2	0
41	6	[2]	blip2	0
41	7	[1, 2]	blip2	0
41	8	[1, 2]	blip2	0
41	9	[1, 2]	blip2	0
41	10	[1, 2]	blip2	0
41	11	[1, 2]	blip2	0
41	12	[1, 2]	blip2	0
41	13	[1, 2]	blip2	0
41	14	[1, 2]	blip2	0
41	15	[1, 2]	blip2	0
41	16	[1, 2]	blip2	0
41	1	[1]	llava	1
41	2	[1]	llava	1
41	3	[1]	llava	1
41	4	[2]	llava	0
41	5	[2]	llava	0
41	6	[2]	llava	1
41	7	[1, 2]	llava	0
41	8	[1, 2]	llava	0
41	9	[1, 2]	llava	0
41	10	[1, 2]	llava	0
41	11	[1, 2]	llava	1
41	12	[1, 2]	llava	0
41	13	[1, 2]	llava	0
41	14	[1, 2]	llava	1
41	15	[1, 2]	llava	0
41	16	[1, 2]	llava	1
41	1	[1]	qwen	1
41	2	[1]	qwen	1
41	3	[1]	qwen	1
41	4	[2]	qwen	1
41	5	[2]	qwen	1
41	6	[2]	qwen	1
41	7	[1, 2]	qwen	0
41	8	[1, 2]	qwen	1
41	9	[1, 2]	qwen	0
41	10	[1, 2]	qwen	0
41	11	[1, 2]	qwen	1
41	12	[1, 2]	qwen	0
41	13	[1, 2]	qwen	0
41	14	[1, 2]	qwen	0
41	15	[1, 2]	qwen	0
41	16	[1, 2]	qwen	0
42	1	[1]	blip2	0
42	2	[1]	blip2	0
42	3	[1]	blip2	0
42	4	[2]	blip2	1
42	5	[1, 2]	blip2	0
42	6	[1, 2]	blip2	0
42	7	[1, 2]	blip2	0
42	8	[1, 2]	blip2	0
42	9	[1, 2]	blip2	0
42	10	[1, 2]	blip2	0
42	11	[1, 2]	blip2	0
42	12	[1, 2]	blip2	0
42	13	[1, 2]	blip2	0
42	14	[1, 2]	blip2	0
42	15	[1, 2]	blip2	0
42	16	[1, 2]	blip2	0
42	17	[1, 2]	blip2	0
42	18	[1, 2]	blip2	0
42	19	[1, 2]	blip2	0
42	1	[1]	llava	0
42	2	[1]	llava	0
42	3	[1]	llava	1
42	4	[2]	llava	1
42	5	[1, 2]	llava	0
42	6	[1, 2]	llava	1
42	7	[1, 2]	llava	0
42	8	[1, 2]	llava	0
42	9	[1, 2]	llava	0
42	10	[1, 2]	llava	0
42	11	[1, 2]	llava	0
42	12	[1, 2]	llava	0
42	13	[1, 2]	llava	0
42	14	[1, 2]	llava	0
42	15	[1, 2]	llava	0
42	16	[1, 2]	llava	0
42	17	[1, 2]	llava	1
42	18	[1, 2]	llava	0
42	19	[1, 2]	llava	0
42	1	[1]	qwen	1
42	2	[1]	qwen	1
42	3	[1]	qwen	1
42	4	[2]	qwen	1
42	5	[1, 2]	qwen	0
42	6	[1, 2]	qwen	1
42	7	[1, 2]	qwen	0
42	8	[1, 2]	qwen	0
42	9	[1, 2]	qwen	0
42	10	[1, 2]	qwen	0
42	11	[1, 2]	qwen	0
42	12	[1, 2]	qwen	0
42	13	[1, 2]	qwen	0
42	14	[1, 2]	qwen	0
42	15	[1, 2]	qwen	0
42	16	[1, 2]	qwen	0
42	17	[1, 2]	qwen	1
42	18	[1, 2]	qwen	0
42	19	[1, 2]	qwen	0
43	1	[1]	blip2	0
43	2	[1]	blip2	1
43	3	[1]	blip2	0
43	4	[2]	blip2	0
43	5	[2]	blip2	0
43	6	[2]	blip2	0
43	7	[1, 2]	blip2	0
43	8	[1, 2]	blip2	0
43	9	[1, 2]	blip2	1
43	10	[1, 2]	blip2	0
43	11	[1, 2]	blip2	0
43	12	[1, 2]	blip2	0
43	13	[1, 2]	blip2	0
43	14	[1, 2]	blip2	1
43	15	[1, 2]	blip2	0
43	16	[1, 2]	blip2	0
43	1	[1]	llava	1
43	2	[1]	llava	1
43	3	[1]	llava	0
43	4	[2]	llava	0
43	5	[2]	llava	0
43	6	[2]	llava	1
43	7	[1, 2]	llava	0
43	8	[1, 2]	llava	1
43	9	[1, 2]	llava	0
43	10	[1, 2]	llava	0
43	11	[1, 2]	llava	0
43	12	[1, 2]	llava	0
43	13	[1, 2]	llava	0
43	14	[1, 2]	llava	0
43	15	[1, 2]	llava	0
43	16	[1, 2]	llava	0
43	1	[1]	qwen	1
43	2	[1]	qwen	1
43	3	[1]	qwen	1
43	4	[2]	qwen	0
43	5	[2]	qwen	1
43	6	[2]	qwen	1
43	7	[1, 2]	qwen	1
43	8	[1, 2]	qwen	1
43	9	[1, 2]	qwen	1
43	10	[1, 2]	qwen	0
43	11	[1, 2]	qwen	0
43	12	[1, 2]	qwen	1
43	13	[1, 2]	qwen	0
43	14	[1, 2]	qwen	1
43	15	[1, 2]	qwen	1
43	16	[1, 2]	qwen	1
44	1	[1, 2, 3]	blip2	0
44	2	[1, 2, 3]	blip2	0
44	3	[1, 2, 3]	blip2	0
44	4	[1, 2, 3]	blip2	0
44	5	[1, 2, 3]	blip2	0
44	6	[1, 2, 3]	blip2	0
44	7	[1, 2, 3]	blip2	0
44	8	[1, 2, 3]	blip2	0
44	9	[1, 2, 3]	blip2	0
44	10	[1, 2, 3]	blip2	1
44	1	[1, 2, 3]	llava	0
44	2	[1, 2, 3]	llava	1
44	3	[1, 2, 3]	llava	0
44	4	[1, 2, 3]	llava	0
44	5	[1, 2, 3]	llava	0
44	6	[1, 2, 3]	llava	1
44	7	[1, 2, 3]	llava	1
44	8	[1, 2, 3]	llava	0
44	9	[1, 2, 3]	llava	0
44	10	[1, 2, 3]	llava	1
44	1	[1, 2, 3]	qwen	1
44	2	[1, 2, 3]	qwen	0
44	3	[1, 2, 3]	qwen	0
44	4	[1, 2, 3]	qwen	0
44	5	[1, 2, 3]	qwen	0
44	6	[1, 2, 3]	qwen	0
44	7	[1, 2, 3]	qwen	1
44	8	[1, 2, 3]	qwen	0
44	9	[1, 2, 3]	qwen	1
44	10	[1, 2, 3]	qwen	0
45	1	[1]	blip2	1
45	2	[1]	blip2	1
45	3	[1]	blip2	1
45	4	[2]	blip2	1
45	5	[2]	blip2	0
45	6	[2]	blip2	0
45	7	[3]	blip2	1
45	8	[3]	blip2	1
45	9	[3]	blip2	0
45	10	[4]	blip2	0
45	11	[4]	blip2	0
45	12	[4]	blip2	0
45	13	[1, 2, 3, 4]	blip2	0
45	1	[1]	llava	1
45	2	[1]	llava	1
45	3	[1]	llava	1
45	4	[2]	llava	1
45	5	[2]	llava	1
45	6	[2]	llava	1
45	7	[3]	llava	1
45	8	[3]	llava	1
45	9	[3]	llava	0
45	10	[4]	llava	1
45	11	[4]	llava	0
45	12	[4]	llava	1
45	13	[1, 2, 3, 4]	llava	0
45	1	[1]	qwen	1
45	2	[1]	qwen	1
45	3	[1]	qwen	1
45	4	[2]	qwen	1
45	5	[2]	qwen	1
45	6	[2]	qwen	1
45	7	[3]	qwen	1
45	8	[3]	qwen	1
45	9	[3]	qwen	1
45	10	[4]	qwen	1
45	11	[4]	qwen	1
45	12	[4]	qwen	1
45	13	[1, 2, 3, 4]	qwen	0
46	1	[1, 2, 3, 4]	blip2	0
46	2	[1, 2, 3, 4]	blip2	0
46	3	[1, 2, 3, 4]	blip2	0
46	4	[1, 2, 3, 4]	blip2	0
46	5	[1, 2, 3, 4]	blip2	0
46	1	[1, 2, 3, 4]	llava	0
46	2	[1, 2, 3, 4]	llava	0
46	3	[1, 2, 3, 4]	llava	0
46	4	[1, 2, 3, 4]	llava	1
46	5	[1, 2, 3, 4]	llava	0
46	1	[1, 2, 3, 4]	qwen	0
46	2	[1, 2, 3, 4]	qwen	0
46	3	[1, 2, 3, 4]	qwen	0
46	4	[1, 2, 3, 4]	qwen	1
46	5	[1, 2, 3, 4]	qwen	0
47	1	[1]	blip2	0
47	2	[1]	blip2	0
47	3	[1]	blip2	0
47	4	[2]	blip2	0
47	5	[2]	blip2	0
47	6	[2]	blip2	0
47	7	[1, 2]	blip2	1
47	8	[1, 2]	blip2	0
47	9	[1, 2]	blip2	0
47	10	[1, 2]	blip2	0
47	1	[1]	llava	0
47	2	[1]	llava	1
47	3	[1]	llava	0
47	4	[2]	llava	1
47	5	[2]	llava	1
47	6	[2]	llava	0
47	7	[1, 2]	llava	1
47	8	[1, 2]	llava	1
47	9	[1, 2]	llava	0
47	10	[1, 2]	llava	0
47	1	[1]	qwen	0
47	2	[1]	qwen	1
47	3	[1]	qwen	1
47	4	[2]	qwen	1
47	5	[2]	qwen	1
47	6	[2]	qwen	1
47	7	[1, 2]	qwen	1
47	8	[1, 2]	qwen	1
47	9	[1, 2]	qwen	0
47	10	[1, 2]	qwen	1
48	1	[1]	blip2	0
48	2	[1]	blip2	1
48	3	[1]	blip2	0
48	4	[2]	blip2	0
48	5	[2]	blip2	0
48	6	[2]	blip2	0
48	7	[3]	blip2	0
48	8	[3]	blip2	0
48	9	[3]	blip2	0
48	10	[1, 2, 3]	blip2	0
48	11	[1, 2, 3]	blip2	0
48	12	[1, 2, 3]	blip2	0
48	13	[1, 2, 3]	blip2	0
48	14	[1, 2, 3]	blip2	0
48	15	[1, 2, 3]	blip2	0
48	16	[1, 2, 3]	blip2	0
48	17	[1, 2, 3]	blip2	0
48	18	[1, 2, 3]	blip2	0
48	19	[1, 2, 3]	blip2	0
48	1	[1]	llava	1
48	2	[1]	llava	1
48	3	[1]	llava	1
48	4	[2]	llava	1
48	5	[2]	llava	1
48	6	[2]	llava	1
48	7	[3]	llava	0
48	8	[3]	llava	1
48	9	[3]	llava	0
48	10	[1, 2, 3]	llava	1
48	11	[1, 2, 3]	llava	0
48	12	[1, 2, 3]	llava	1
48	13	[1, 2, 3]	llava	0
48	14	[1, 2, 3]	llava	0
48	15	[1, 2, 3]	llava	0
48	16	[1, 2, 3]	llava	0
48	17	[1, 2, 3]	llava	0
48	18	[1, 2, 3]	llava	0
48	19	[1, 2, 3]	llava	1
48	1	[1]	qwen	1
48	2	[1]	qwen	1
48	3	[1]	qwen	1
48	4	[2]	qwen	1
48	5	[2]	qwen	1
48	6	[2]	qwen	1
48	7	[3]	qwen	1
48	8	[3]	qwen	1
48	9	[3]	qwen	1
48	10	[1, 2, 3]	qwen	0
48	11	[1, 2, 3]	qwen	0
48	12	[1, 2, 3]	qwen	1
48	13	[1, 2, 3]	qwen	1
48	14	[1, 2, 3]	qwen	0
48	15	[1, 2, 3]	qwen	0
48	16	[1, 2, 3]	qwen	0
48	17	[1, 2, 3]	qwen	0
48	18	[1, 2, 3]	qwen	0
48	19	[1, 2, 3]	qwen	1
49	1	[1]	blip2	1
49	2	[1]	blip2	0
49	3	[1]	blip2	1
49	4	[2]	blip2	0
49	5	[2]	blip2	0
49	6	[2]	blip2	0
49	7	[3]	blip2	0
49	8	[3]	blip2	0
49	9	[3]	blip2	0
49	10	[4]	blip2	0
49	11	[4]	blip2	0
49	12	[4]	blip2	1
49	13	[1, 2, 3, 4]	blip2	0
49	14	[1, 2]	blip2	0
49	15	[1, 3, 4]	blip2	0
49	16	[1, 2, 3]	blip2	0
49	17	[2, 4]	blip2	0
49	18	[1, 2]	blip2	0
49	19	[2, 4]	blip2	0
49	20	[1, 3]	blip2	0
49	1	[1]	llava	0
49	2	[1]	llava	1
49	3	[1]	llava	1
49	4	[2]	llava	1
49	5	[2]	llava	1
49	6	[2]	llava	0
49	7	[3]	llava	1
49	8	[3]	llava	0
49	9	[3]	llava	1
49	10	[4]	llava	1
49	11	[4]	llava	1
49	12	[4]	llava	1
49	13	[1, 2, 3, 4]	llava	0
49	14	[1, 2]	llava	1
49	15	[1, 3, 4]	llava	0
49	16	[1, 2, 3]	llava	0
49	17	[2, 4]	llava	1
49	18	[1, 2]	llava	1
49	19	[2, 4]	llava	1
49	20	[1, 3]	llava	0
49	1	[1]	qwen	1
49	2	[1]	qwen	1
49	3	[1]	qwen	1
49	4	[2]	qwen	1
49	5	[2]	qwen	1
49	6	[2]	qwen	1
49	7	[3]	qwen	1
49	8	[3]	qwen	1
49	9	[3]	qwen	1
49	10	[4]	qwen	1
49	11	[4]	qwen	0
49	12	[4]	qwen	1
49	13	[1, 2, 3, 4]	qwen	0
49	14	[1, 2]	qwen	1
49	15	[1, 3, 4]	qwen	0
49	16	[1, 2, 3]	qwen	1
49	17	[2, 4]	qwen	1
49	18	[1, 2]	qwen	0
49	19	[2, 4]	qwen	1
49	20	[1, 3]	qwen	0
50	1	[1, 2]	blip2	0
50	2	[1, 2]	blip2	0
50	3	[1, 2]	blip2	0
50	4	[1, 2]	blip2	0
50	5	[1, 2]	blip2	1
50	6	[1, 2]	blip2	0
50	7	[1, 2]	blip2	0
50	8	[1, 2]	blip2	0
50	9	[1, 2]	blip2	0
50	10	[1, 2]	blip2	1
50	1	[1, 2]	llava	0
50	2	[1, 2]	llava	0
50	3	[1, 2]	llava	1
50	4	[1, 2]	llava	1
50	5	[1, 2]	llava	1
50	6	[1, 2]	llava	0
50	7	[1, 2]	llava	1
50	8	[1, 2]	llava	0
50	9	[1, 2]	llava	1
50	10	[1, 2]	llava	1
50	1	[1, 2]	qwen	0
50	2	[1, 2]	qwen	0
50	3	[1, 2]	qwen	1
50	4	[1, 2]	qwen	1
50	5	[1, 2]	qwen	1
50	6	[1, 2]	qwen	0
50	7	[1, 2]	qwen	1
50	8	[1, 2]	qwen	1
50	9	[1, 2]	qwen	1
50	10	[1, 2]	qwen	0
51	1	[1]	blip2	0
51	2	[1]	blip2	0
51	3	[1]	blip2	0
51	4	[2]	blip2	1
51	5	[2]	blip2	0
51	6	[2]	blip2	1
51	7	[1, 2]	blip2	0
51	8	[1, 2]	blip2	0
51	9	[1, 2]	blip2	0
51	10	[1, 2]	blip2	0
51	11	[1, 2]	blip2	0
51	12	[1, 2]	blip2	0
51	13	[1, 2]	blip2	1
51	14	[1, 2]	blip2	0
51	15	[1, 2]	blip2	0
51	16	[1, 2]	blip2	0
51	1	[1]	llava	1
51	2	[1]	llava	0
51	3	[1]	llava	1
51	4	[2]	llava	1
51	5	[2]	llava	0
51	6	[2]	llava	1
51	7	[1, 2]	llava	0
51	8	[1, 2]	llava	0
51	9	[1, 2]	llava	0
51	10	[1, 2]	llava	0
51	11	[1, 2]	llava	0
51	12	[1, 2]	llava	0
51	13	[1, 2]	llava	1
51	14	[1, 2]	llava	0
51	15	[1, 2]	llava	0
51	16	[1, 2]	llava	0
51	1	[1]	qwen	1
51	2	[1]	qwen	1
51	3	[1]	qwen	1
51	4	[2]	qwen	1
51	5	[2]	qwen	0
51	6	[2]	qwen	1
51	7	[1, 2]	qwen	0
51	8	[1, 2]	qwen	0
51	9	[1, 2]	qwen	1
51	10	[1, 2]	qwen	0
51	11	[1, 2]	qwen	0
51	12	[1, 2]	qwen	1
51	13	[1, 2]	qwen	1
51	14	[1, 2]	qwen	0
51	15	[1, 2]	qwen	0
51	16	[1, 2]	qwen	1
52	1	[1]	blip2	1
52	2	[1]	blip2	1
52	3	[1]	blip2	0
52	4	[2]	blip2	1
52	5	[1, 2]	blip2	0
52	6	[1, 2]	blip2	0
52	7	[1, 2]	blip2	0
52	8	[1, 2]	blip2	0
52	9	[1, 2]	blip2	0
52	10	[1, 2]	blip2	1
52	11	[1, 2]	blip2	0
52	12	[1, 2]	blip2	0
52	13	[1, 2]	blip2	0
52	14	[1, 2]	blip2	0
52	1	[1]	llava	1
52	2	[1]	llava	0
52	3	[1]	llava	0
52	4	[2]	llava	1
52	5	[1, 2]	llava	0
52	6	[1, 2]	llava	0
52	7	[1, 2]	llava	0
52	8	[1, 2]	llava	1
52	9	[1, 2]	llava	1
52	10	[1, 2]	llava	1
52	11	[1, 2]	llava	0
52	12	[1, 2]	llava	0
52	13	[1, 2]	llava	0
52	14	[1, 2]	llava	0
52	1	[1]	qwen	1
52	2	[1]	qwen	0
52	3	[1]	qwen	1
52	4	[2]	qwen	1
52	5	[1, 2]	qwen	0
52	6	[1, 2]	qwen	0
52	7	[1, 2]	qwen	0
52	8	[1, 2]	qwen	0
52	9	[1, 2]	qwen	0
52	10	[1, 2]	qwen	1
52	11	[1, 2]	qwen	0
52	12	[1, 2]	qwen	0
52	13	[1, 2]	qwen	0
52	14	[1, 2]	qwen	0
53	1	[1, 2]	blip2	0
53	2	[1, 2]	blip2	0
53	3	[1, 2]	blip2	1
53	4	[1, 2]	blip2	0
53	5	[1, 2]	blip2	0
53	6	[1, 2]	blip2	1
53	7	[1, 2]	blip2	0
53	8	[1, 2]	blip2	0
53	9	[1, 2]	blip2	1
53	10	[1, 2]	blip2	1
53	1	[1, 2]	llava	0
53	2	[1, 2]	llava	0
53	3	[1, 2]	llava	0
53	4	[1, 2]	llava	1
53	5	[1, 2]	llava	1
53	6	[1, 2]	llava	1
53	7	[1, 2]	llava	1
53	8	[1, 2]	llava	0
53	9	[1, 2]	llava	1
53	10	[1, 2]	llava	0
53	1	[1, 2]	qwen	1
53	2	[1, 2]	qwen	0
53	3	[1, 2]	qwen	1
53	4	[1, 2]	qwen	1
53	5	[1, 2]	qwen	1
53	6	[1, 2]	qwen	1
53	7	[1, 2]	qwen	0
53	8	[1, 2]	qwen	1
53	9	[1, 2]	qwen	1
53	10	[1, 2]	qwen	1
54	1	[1]	blip2	0
54	2	[1]	blip2	0
54	3	[1]	blip2	0
54	4	[2]	blip2	0
54	5	[2]	blip2	0
54	6	[2]	blip2	0
54	7	[1, 2]	blip2	0
54	8	[1, 2]	blip2	0
54	9	[1, 2]	blip2	0
54	10	[1, 2]	blip2	0
54	11	[1, 2]	blip2	0
54	12	[1, 2]	blip2	1
54	13	[1, 2]	blip2	0
54	14	[1, 2]	blip2	0
54	15	[1, 2]	blip2	0
54	1	[1]	llava	1
54	2	[1]	llava	1
54	3	[1]	llava	1
54	4	[2]	llava	1
54	5	[2]	llava	1
54	6	[2]	llava	1
54	7	[1, 2]	llava	0
54	8	[1, 2]	llava	0
54	9	[1, 2]	llava	0
54	10	[1, 2]	llava	0
54	11	[1, 2]	llava	1
54	12	[1, 2]	llava	0
54	13	[1, 2]	llava	0
54	14	[1, 2]	llava	0
54	15	[1, 2]	llava	0
54	1	[1]	qwen	1
54	2	[1]	qwen	1
54	3	[1]	qwen	1
54	4	[2]	qwen	1
54	5	[2]	qwen	1
54	6	[2]	qwen	1
54	7	[1, 2]	qwen	0
54	8	[1, 2]	qwen	0
54	9	[1, 2]	qwen	1
54	10	[1, 2]	qwen	0
54	11	[1, 2]	qwen	1
54	12	[1, 2]	qwen	0
54	13	[1, 2]	qwen	0
54	14	[1, 2]	qwen	1
54	15	[1, 2]	qwen	0
55	1	[1]	blip2	0
55	2	[1]	blip2	1
55	3	[1]	blip2	0
55	4	[2]	blip2	1
55	5	[2]	blip2	1
55	6	[2]	blip2	0
55	7	[3]	blip2	0
55	8	[3]	blip2	1
55	9	[3]	blip2	0
55	10	[1, 2, 3]	blip2	0
55	11	[1, 2, 3]	blip2	0
55	12	[1, 2, 3]	blip2	0
55	13	[1, 2, 3]	blip2	0
55	14	[1, 2, 3]	blip2	1
55	15	[1, 2, 3]	blip2	0
55	16	[1, 2, 3]	blip2	0
55	17	[1, 2, 3]	blip2	1
55	18	[1, 2, 3]	blip2	0
55	1	[1]	llava	1
55	2	[1]	llava	1
55	3	[1]	llava	1
55	4	[2]	llava	1
55	5	[2]	llava	1
55	6	[2]	llava	0
55	7	[3]	llava	1
55	8	[3]	llava	1
55	9	[3]	llava	1
55	10	[1, 2, 3]	llava	0
55	11	[1, 2, 3]	llava	0
55	12	[1, 2, 3]	llava	0
55	13	[1, 2, 3]	llava	1
55	14	[1, 2, 3]	llava	1
55	15	[1, 2, 3]	llava	0
55	16	[1, 2, 3]	llava	1
55	17	[1, 2, 3]	llava	1
55	18	[1, 2, 3]	llava	1
55	1	[1]	qwen	1
55	2	[1]	qwen	0
55	3	[1]	qwen	1
55	4	[2]	qwen	1
55	5	[2]	qwen	1
55	6	[2]	qwen	0
55	7	[3]	qwen	1
55	8	[3]	qwen	1
55	9	[3]	qwen	1
55	10	[1, 2, 3]	qwen	0
55	11	[1, 2, 3]	qwen	0
55	12	[1, 2, 3]	qwen	0
55	13	[1, 2, 3]	qwen	1
55	14	[1, 2, 3]	qwen	1
55	15	[1, 2, 3]	qwen	0
55	16	[1, 2, 3]	qwen	1
55	17	[1, 2, 3]	qwen	1
55	18	[1, 2, 3]	qwen	0
56	1	[1]	blip2	1
56	2	[1]	blip2	0
56	3	[1]	blip2	1
56	4	[2]	blip2	0
56	5	[2]	blip2	1
56	6	[2]	blip2	0
56	7	[3]	blip2	1
56	8	[3]	blip2	0
56	9	[3]	blip2	1
56	10	[4]	blip2	0
56	11	[4]	blip2	1
56	12	[4]	blip2	0
56	13	[5]	blip2	0
56	14	[5]	blip2	0
56	15	[5]	blip2	1
56	16	[1, 3, 5]	blip2	0
56	17	[2, 4]	blip2	0
56	18	[1, 2, 3, 4, 5]	blip2	0
56	19	[1, 2, 5]	blip2	0
56	20	[3, 4]	blip2	0
56	1	[1]	llava	1
56	2	[1]	llava	1
56	3	[1]	llava	1
56	4	[2]	llava	1
56	5	[2]	llava	1
56	6	[2]	llava	1
56	7	[3]	llava	0
56	8	[3]	llava	1
56	9	[3]	llava	1
56	10	[4]	llava	0
56	11	[4]	llava	1
56	12	[4]	llava	1
56	13	[5]	llava	1
56	14	[5]	llava	1
56	15	[5]	llava	1
56	16	[1, 3, 5]	llava	0
56	17	[2, 4]	llava	0
56	18	[1, 2, 3, 4, 5]	llava	1
56	19	[1, 2, 5]	llava	1
56	20	[3, 4]	llava	0
56	1	[1]	qwen	1
56	2	[1]	qwen	1
56	3	[1]	qwen	1
56	4	[2]	qwen	1
56	5	[2]	qwen	1
56	6	[2]	qwen	1
56	7	[3]	qwen	1
56	8	[3]	qwen	1
56	9	[3]	qwen	1
56	10	[4]	qwen	1
56	11	[4]	qwen	1
56	12	[4]	qwen	1
56	13	[5]	qwen	1
56	14	[5]	qwen	1
56	15	[5]	qwen	1
56	16	[1, 3, 5]	qwen	1
56	17	[2, 4]	qwen	1
56	18	[1, 2, 3, 4, 5]	qwen	1
56	19	[1, 2, 5]	qwen	1
56	20	[3, 4]	qwen	1
57	1	[1]	blip2	1
57	2	[1]	blip2	1
57	3	[1]	blip2	0
57	4	[2]	blip2	1
57	5	[2]	blip2	1
57	6	[2]	blip2	1
57	7	[3]	blip2	1
57	8	[3]	blip2	1
57	9	[3]	blip2	1
57	10	[2, 3]	blip2	0
57	11	[2, 3]	blip2	0
57	12	[1, 2, 3]	blip2	1
57	1	[1]	llava	1
57	2	[1]	llava	1
57	3	[1]	llava	0
57	4	[2]	llava	1
57	5	[2]	llava	1
57	6	[2]	llava	1
57	7	[3]	llava	1
57	8	[3]	llava	0
57	9	[3]	llava	1
57	10	[2, 3]	llava	0
57	11	[2, 3]	llava	1
57	12	[1, 2, 3]	llava	1
57	1	[1]	qwen	1
57	2	[1]	qwen	1
57	3	[1]	qwen	0
57	4	[2]	qwen	1
57	5	[2]	qwen	1
57	6	[2]	qwen	1
57	7	[3]	qwen	1
57	8	[3]	qwen	1
57	9	[3]	qwen	1
57	10	[2, 3]	qwen	0
57	11	[2, 3]	qwen	1
57	12	[1, 2, 3]	qwen	0
58	1	[1]	blip2	0
58	2	[1]	blip2	0
58	3	[1]	blip2	0
58	4	[2]	blip2	0
58	5	[2]	blip2	0
58	6	[2]	blip2	0
58	7	[3]	blip2	0
58	8	[3]	blip2	0
58	9	[3]	blip2	0
58	10	[4]	blip2	1
58	11	[4]	blip2	0
58	12	[4]	blip2	0
58	13	[1, 2, 3, 4]	blip2	0
58	14	[2, 3]	blip2	0
58	15	[1, 2, 3, 4]	blip2	0
58	16	[1, 2, 3, 4]	blip2	0
58	17	[1, 2, 3, 4]	blip2	0
58	18	[1, 4]	blip2	0
58	19	[2, 3]	blip2	0
58	20	[1, 4]	blip2	0
58	1	[1]	llava	1
58	2	[1]	llava	1
58	3	[1]	llava	1
58	4	[2]	llava	1
58	5	[2]	llava	0
58	6	[2]	llava	1
58	7	[3]	llava	0
58	8	[3]	llava	1
58	9	[3]	llava	1
58	10	[4]	llava	1
58	11	[4]	llava	1
58	12	[4]	llava	1
58	13	[1, 2, 3, 4]	llava	0
58	14	[2, 3]	llava	0
58	15	[1, 2, 3, 4]	llava	0
58	16	[1, 2, 3, 4]	llava	0
58	17	[1, 2, 3, 4]	llava	1
58	18	[1, 4]	llava	1
58	19	[2, 3]	llava	1
58	20	[1, 4]	llava	1
58	1	[1]	qwen	0
58	2	[1]	qwen	0
58	3	[1]	qwen	1
58	4	[2]	qwen	1
58	5	[2]	qwen	1
58	6	[2]	qwen	0
58	7	[3]	qwen	0
58	8	[3]	qwen	0
58	9	[3]	qwen	1
58	10	[4]	qwen	1
58	11	[4]	qwen	1
58	12	[4]	qwen	1
58	13	[1, 2, 3, 4]	qwen	0
58	14	[2, 3]	qwen	0
58	15	[1, 2, 3, 4]	qwen	0
58	16	[1, 2, 3, 4]	qwen	1
58	17	[1, 2, 3, 4]	qwen	1
58	18	[1, 4]	qwen	1
58	19	[2, 3]	qwen	1
58	20	[1, 4]	qwen	1
59	1	[1]	blip2	0
59	2	[1]	blip2	1
59	3	[1]	blip2	1
59	4	[2]	blip2	0
59	5	[2]	blip2	1
59	6	[2]	blip2	1
59	7	[1, 2]	blip2	0
59	8	[1, 2]	blip2	0
59	9	[1, 2]	blip2	0
59	10	[1, 2]	blip2	1
59	11	[1, 2]	blip2	0
59	12	[1, 2]	blip2	0
59	13	[1, 2]	blip2	0
59	14	[1, 2]	blip2	0
59	15	[1, 2]	blip2	1
59	16	[1, 2]	blip2	0
59	1	[1]	llava	1
59	2	[1]	llava	1
59	3	[1]	llava	1
59	4	[2]	llava	1
59	5	[2]	llava	1
59	6	[2]	llava	1
59	7	[1, 2]	llava	0
59	8	[1, 2]	llava	0
59	9	[1, 2]	llava	0
59	10	[1, 2]	llava	1
59	11	[1, 2]	llava	1
59	12	[1, 2]	llava	1
59	13	[1, 2]	llava	1
59	14	[1, 2]	llava	0
59	15	[1, 2]	llava	1
59	16	[1, 2]	llava	0
59	1	[1]	qwen	1
59	2	[1]	qwen	1
59	3	[1]	qwen	1
59	4	[2]	qwen	0
59	5	[2]	qwen	1
59	6	[2]	qwen	1
59	7	[1, 2]	qwen	1
59	8	[1, 2]	qwen	0
59	9	[1, 2]	qwen	1
59	10	[1, 2]	qwen	1
59	11	[1, 2]	qwen	1
59	12	[1, 2]	qwen	1
59	13	[1, 2]	qwen	0
59	14	[1, 2]	qwen	0
59	15	[1, 2]	qwen	1
59	16	[1, 2]	qwen	1
60	1	[1]	blip2	0
60	2	[1]	blip2	1
60	3	[1]	blip2	0
60	4	[2]	blip2	0
60	5	[2]	blip2	0
60	6	[2]	blip2	0
60	7	[1, 2]	blip2	0
60	8	[1, 2]	blip2	0
60	9	[1, 2]	blip2	1
60	10	[1, 2]	blip2	0
60	11	[1, 2]	blip2	1
60	12	[1, 2]	blip2	1
60	13	[1, 2]	blip2	0
60	14	[1, 2]	blip2	1
60	15	[1, 2]	blip2	0
60	16	[1, 2]	blip2	1
60	1	[1]	llava	1
60	2	[1]	llava	1
60	3	[1]	llava	1
60	4	[2]	llava	1
60	5	[2]	llava	1
60	6	[2]	llava	1
60	7	[1, 2]	llava	0
60	8	[1, 2]	llava	1
60	9	[1, 2]	llava	1
60	10	[1, 2]	llava	0
60	11	[1, 2]	llava	1
60	12	[1, 2]	llava	1
60	13	[1, 2]	llava	0
60	14	[1, 2]	llava	1
60	15	[1, 2]	llava	1
60	16	[1, 2]	llava	1
60	1	[1]	qwen	1
60	2	[1]	qwen	1
60	3	[1]	qwen	1
60	4	[2]	qwen	1
60	5	[2]	qwen	1
60	6	[2]	qwen	1
60	7	[1, 2]	qwen	0
60	8	[1, 2]	qwen	1
60	9	[1, 2]	qwen	1
60	10	[1, 2]	qwen	1
60	11	[1, 2]	qwen	1
60	12	[1, 2]	qwen	1
60	13	[1, 2]	qwen	0
60	14	[1, 2]	qwen	1
60	15	[1, 2]	qwen	1
60	16	[1, 2]	qwen	1
61	1	[1]	blip2	0
61	2	[1]	blip2	0
61	3	[1]	blip2	1
61	4	[2]	blip2	1
61	5	[2]	blip2	0
61	6	[2]	blip2	0
61	7	[1, 2]	blip2	0
61	8	[1, 2]	blip2	0
61	9	[1, 2]	blip2	1
61	10	[1, 2]	blip2	0
61	11	[1, 2]	blip2	0
61	12	[1, 2]	blip2	1
61	13	[1, 2]	blip2	0
61	14	[1, 2]	blip2	1
61	15	[1, 2]	blip2	0
61	16	[1, 2]	blip2	0
61	1	[1]	llava	0
61	2	[1]	llava	1
61	3	[1]	llava	0
61	4	[2]	llava	1
61	5	[2]	llava	1
61	6	[2]	llava	0
61	7	[1, 2]	llava	1
61	8	[1, 2]	llava	0
61	9	[1, 2]	llava	1
61	10	[1, 2]	llava	0
61	11	[1, 2]	llava	0
61	12	[1, 2]	llava	1
61	13	[1, 2]	llava	0
61	14	[1, 2]	llava	1
61	15	[1, 2]	llava	0
61	16	[1, 2]	llava	1
61	1	[1]	qwen	0
61	2	[1]	qwen	1
61	3	[1]	qwen	0
61	4	[2]	qwen	1
61	5	[2]	qwen	1
61	6	[2]	qwen	0
61	7	[1, 2]	qwen	1
61	8	[1, 2]	qwen	0
61	9	[1, 2]	qwen	1
61	10	[1, 2]	qwen	0
61	11	[1, 2]	qwen	0
61	12	[1, 2]	qwen	1
61	13	[1, 2]	qwen	1
61	14	[1, 2]	qwen	1
61	15	[1, 2]	qwen	0
61	16	[1, 2]	qwen	1
62	1	[1, 3]	blip2	0
62	2	[2, 4]	blip2	0
62	3	[1, 2, 3, 4]	blip2	0
62	4	[1, 2, 3, 4]	blip2	0
62	5	[1, 2, 3, 4]	blip2	0
62	6	[1, 2, 3, 4]	blip2	0
62	7	[2, 4]	blip2	0
62	8	[1, 2, 3, 4]	blip2	0
62	1	[1, 3]	llava	1
62	2	[2, 4]	llava	1
62	3	[1, 2, 3, 4]	llava	0
62	4	[1, 2, 3, 4]	llava	1
62	5	[1, 2, 3, 4]	llava	1
62	6	[1, 2, 3, 4]	llava	1
62	7	[2, 4]	llava	1
62	8	[1, 2, 3, 4]	llava	1
62	1	[1, 3]	qwen	1
62	2	[2, 4]	qwen	0
62	3	[1, 2, 3, 4]	qwen	0
62	4	[1, 2, 3, 4]	qwen	0
62	5	[1, 2, 3, 4]	qwen	1
62	6	[1, 2, 3, 4]	qwen	1
62	7	[2, 4]	qwen	1
62	8	[1, 2, 3, 4]	qwen	1
63	1	[1]	blip2	0
63	2	[1]	blip2	1
63	3	[1]	blip2	1
63	4	[2]	blip2	1
63	5	[2]	blip2	1
63	6	[2]	blip2	1
63	7	[1, 2]	blip2	0
63	8	[1, 2]	blip2	0
63	9	[1, 2]	blip2	0
63	10	[1, 2]	blip2	0
63	11	[1, 2]	blip2	0
63	12	[1]	blip2	0
63	13	[1, 2]	blip2	0
63	14	[1, 2]	blip2	0
63	15	[1, 2]	blip2	0
63	16	[1, 2]	blip2	0
63	1	[1]	llava	1
63	2	[1]	llava	1
63	3	[1]	llava	1
63	4	[2]	llava	1
63	5	[2]	llava	1
63	6	[2]	llava	1
63	7	[1, 2]	llava	1
63	8	[1, 2]	llava	1
63	9	[1, 2]	llava	0
63	10	[1, 2]	llava	0
63	11	[1, 2]	llava	1
63	12	[1]	llava	1
63	13	[1, 2]	llava	0
63	14	[1, 2]	llava	0
63	15	[1, 2]	llava	0
63	16	[1, 2]	llava	0
63	1	[1]	qwen	1
63	2	[1]	qwen	1
63	3	[1]	qwen	1
63	4	[2]	qwen	1
63	5	[2]	qwen	1
63	6	[2]	qwen	1
63	7	[1, 2]	qwen	0
63	8	[1, 2]	qwen	1
63	9	[1, 2]	qwen	0
63	10	[1, 2]	qwen	0
63	11	[1, 2]	qwen	1
63	12	[1]	qwen	1
63	13	[1, 2]	qwen	0
63	14	[1, 2]	qwen	0
63	15	[1, 2]	qwen	0
63	16	[1, 2]	qwen	1
64	1	[1, 2, 5]	blip2	0
64	2	[3, 4]	blip2	0
64	3	[2, 5]	blip2	0
64	4	[3, 4]	blip2	0
64	5	[1, 3, 4]	blip2	0
64	6	[2, 5]	blip2	0
64	7	[1, 5]	blip2	0
64	1	[1, 2, 5]	llava	1
64	2	[3, 4]	llava	0
64	3	[2, 5]	llava	0
64	4	[3, 4]	llava	1
64	5	[1, 3, 4]	llava	1
64	6	[2, 5]	llava	1
64	7	[1, 5]	llava	1
64	1	[1, 2, 5]	qwen	1
64	2	[3, 4]	qwen	0
64	3	[2, 5]	qwen	1
64	4	[3, 4]	qwen	1
64	5	[1, 3, 4]	qwen	1
64	6	[2, 5]	qwen	1
64	7	[1, 5]	qwen	0
65	1	[1]	blip2	0
65	2	[1]	blip2	0
65	3	[1]	blip2	0
65	4	[2]	blip2	1
65	5	[2]	blip2	0
65	6	[2]	blip2	0
65	7	[1, 2]	blip2	0
65	1	[1]	llava	1
65	2	[1]	llava	1
65	3	[1]	llava	0
65	4	[2]	llava	1
65	5	[2]	llava	1
65	6	[2]	llava	1
65	7	[1, 2]	llava	0
65	1	[1]	qwen	1
65	2	[1]	qwen	1
65	3	[1]	qwen	1
65	4	[2]	qwen	1
65	5	[2]	qwen	1
65	6	[2]	qwen	1
65	7	[1, 2]	qwen	0
66	1	[1, 2, 4]	blip2	0
66	2	[1, 3, 5]	blip2	0
66	3	[2, 3, 4]	blip2	0
66	4	[2, 3, 5]	blip2	0
66	5	[1, 3, 5]	blip2	0
66	6	[2, 3, 4]	blip2	1
66	7	[1, 2, 5]	blip2	0
66	8	[1, 4, 5]	blip2	0
66	9	[2, 4, 5]	blip2	0
66	10	[1, 3, 5]	blip2	1
66	1	[1, 2, 4]	llava	0
66	2	[1, 3, 5]	llava	1
66	3	[2, 3, 4]	llava	0
66	4	[2, 3, 5]	llava	0
66	5	[1, 3, 5]	llava	0
66	6	[2, 3, 4]	llava	1
66	7	[1, 2, 5]	llava	1
66	8	[1, 4, 5]	llava	1
66	9	[2, 4, 5]	llava	1
66	10	[1, 3, 5]	llava	1
66	1	[1, 2, 4]	qwen	0
66	2	[1, 3, 5]	qwen	1
66	3	[2, 3, 4]	qwen	0
66	4	[2, 3, 5]	qwen	1
66	5	[1, 3, 5]	qwen	1
66	6	[2, 3, 4]	qwen	1
66	7	[1, 2, 5]	qwen	1
66	8	[1, 4, 5]	qwen	1
66	9	[2, 4, 5]	qwen	0
66	10	[1, 3, 5]	qwen	1
67	1	[1]	blip2	0
67	2	[1]	blip2	0
67	3	[1]	blip2	1
67	4	[2]	blip2	1
67	5	[2]	blip2	0
67	6	[1, 2]	blip2	0
67	7	[1, 2]	blip2	0
67	8	[1, 2]	blip2	1
67	9	[1, 2]	blip2	0
67	10	[1, 2]	blip2	0
67	11	[1, 2]	blip2	0
67	12	[1, 2]	blip2	0
67	13	[1, 2]	blip2	0
67	14	[1, 2]	blip2	0
67	15	[1, 2]	blip2	0
67	1	[1]	llava	1
67	2	[1]	llava	0
67	3	[1]	llava	1
67	4	[2]	llava	1
67	5	[2]	llava	1
67	6	[1, 2]	llava	0
67	7	[1, 2]	llava	0
67	8	[1, 2]	llava	1
67	9	[1, 2]	llava	1
67	10	[1, 2]	llava	1
67	11	[1, 2]	llava	0
67	12	[1, 2]	llava	0
67	13	[1, 2]	llava	0
67	14	[1, 2]	llava	1
67	15	[1, 2]	llava	1
67	1	[1]	qwen	1
67	2	[1]	qwen	1
67	3	[1]	qwen	1
67	4	[2]	qwen	0
67	5	[2]	qwen	1
67	6	[1, 2]	qwen	0
67	7	[1, 2]	qwen	0
67	8	[1, 2]	qwen	1
67	9	[1, 2]	qwen	1
67	10	[1, 2]	qwen	1
67	11	[1, 2]	qwen	1
67	12	[1, 2]	qwen	1
67	13	[1, 2]	qwen	0
67	14	[1, 2]	qwen	1
67	15	[1, 2]	qwen	1
68	1	[1]	blip2	0
68	2	[1]	blip2	0
68	3	[1]	blip2	0
68	4	[2]	blip2	1
68	5	[2]	blip2	0
68	6	[1, 2]	blip2	0
68	7	[1, 2]	blip2	0
68	8	[1, 2]	blip2	1
68	9	[1, 2]	blip2	0
68	10	[1, 2]	blip2	0
68	11	[1, 2]	blip2	0
68	12	[1, 2]	blip2	0
68	13	[1, 2]	blip2	0
68	14	[1, 2]	blip2	0
68	15	[1, 2]	blip2	0
68	1	[1]	llava	1
68	2	[1]	llava	1
68	3	[1]	llava	1
68	4	[2]	llava	1
68	5	[2]	llava	1
68	6	[1, 2]	llava	0
68	7	[1, 2]	llava	0
68	8	[1, 2]	llava	1
68	9	[1, 2]	llava	0
68	10	[1, 2]	llava	0
68	11	[1, 2]	llava	0
68	12	[1, 2]	llava	0
68	13	[1, 2]	llava	0
68	14	[1, 2]	llava	0
68	15	[1, 2]	llava	0
68	1	[1]	qwen	1
68	2	[1]	qwen	1
68	3	[1]	qwen	1
68	4	[2]	qwen	0
68	5	[2]	qwen	1
68	6	[1, 2]	qwen	0
68	7	[1, 2]	qwen	0
68	8	[1, 2]	qwen	1
68	9	[1, 2]	qwen	1
68	10	[1, 2]	qwen	1
68	11	[1, 2]	qwen	1
68	12	[1, 2]	qwen	0
68	13	[1, 2]	qwen	0
68	14	[1, 2]	qwen	1
68	15	[1, 2]	qwen	1
69	1	[1, 2]	blip2	0
69	2	[1, 2]	blip2	0
69	3	[1, 2]	blip2	0
69	4	[1, 2]	blip2	0
69	5	[1, 2]	blip2	0
69	6	[1, 2]	blip2	0
69	7	[1, 2]	blip2	0
69	8	[1, 2]	blip2	0
69	1	[1, 2]	llava	1
69	2	[1, 2]	llava	1
69	3	[1, 2]	llava	1
69	4	[1, 2]	llava	1
69	5	[1, 2]	llava	0
69	6	[1, 2]	llava	0
69	7	[1, 2]	llava	0
69	8	[1, 2]	llava	1
69	1	[1, 2]	qwen	1
69	2	[1, 2]	qwen	0
69	3	[1, 2]	qwen	1
69	4	[1, 2]	qwen	0
69	5	[1, 2]	qwen	1
69	6	[1, 2]	qwen	0
69	7	[1, 2]	qwen	0
69	8	[1, 2]	qwen	1
70	1	[1]	blip2	0
70	2	[2]	blip2	0
70	3	[2]	blip2	0
70	4	[2]	blip2	0
70	5	[1, 2]	blip2	0
70	6	[1, 2]	blip2	1
70	7	[1, 2]	blip2	0
70	8	[1, 2]	blip2	0
70	9	[1, 2]	blip2	0
70	10	[1, 2]	blip2	0
70	11	[1, 2]	blip2	0
70	12	[1, 2]	blip2	0
70	13	[1, 2]	blip2	0
70	14	[1, 2]	blip2	0
70	1	[1]	llava	0
70	2	[2]	llava	1
70	3	[2]	llava	1
70	4	[2]	llava	0
70	5	[1, 2]	llava	0
70	6	[1, 2]	llava	1
70	7	[1, 2]	llava	0
70	8	[1, 2]	llava	0
70	9	[1, 2]	llava	0
70	10	[1, 2]	llava	0
70	11	[1, 2]	llava	0
70	12	[1, 2]	llava	0
70	13	[1, 2]	llava	1
70	14	[1, 2]	llava	0
70	1	[1]	qwen	1
70	2	[2]	qwen	1
70	3	[2]	qwen	1
70	4	[2]	qwen	1
70	5	[1, 2]	qwen	0
70	6	[1, 2]	qwen	1
70	7	[1, 2]	qwen	0
70	8	[1, 2]	qwen	0
70	9	[1, 2]	qwen	0
70	10	[1, 2]	qwen	0
70	11	[1, 2]	qwen	0
70	12	[1, 2]	qwen	0
70	13	[1, 2]	qwen	1
70	14	[1, 2]	qwen	0
71	1	[1]	blip2	0
71	2	[1]	blip2	0
71	3	[1]	blip2	0
71	4	[2]	blip2	1
71	5	[2]	blip2	0
71	6	[2]	blip2	0
71	7	[1, 2]	blip2	0
71	8	[1, 2]	blip2	0
71	9	[1, 2]	blip2	0
71	10	[1, 2]	blip2	0
71	11	[1, 2]	blip2	0
71	12	[1, 2]	blip2	0
71	13	[1, 2]	blip2	1
71	14	[1, 2]	blip2	0
71	15	[1, 2]	blip2	0
71	1	[1]	llava	0
71	2	[1]	llava	1
71	3	[1]	llava	1
71	4	[2]	llava	1
71	5	[2]	llava	1
71	6	[2]	llava	1
71	7	[1, 2]	llava	1
71	8	[1, 2]	llava	0
71	9	[1, 2]	llava	1
71	10	[1, 2]	llava	0
71	11	[1, 2]	llava	1
71	12	[1, 2]	llava	0
71	13	[1, 2]	llava	1
71	14	[1, 2]	llava	0
71	15	[1, 2]	llava	1
71	1	[1]	qwen	1
71	2	[1]	qwen	1
71	3	[1]	qwen	1
71	4	[2]	qwen	1
71	5	[2]	qwen	1
71	6	[2]	qwen	0
71	7	[1, 2]	qwen	0
71	8	[1, 2]	qwen	0
71	9	[1, 2]	qwen	1
71	10	[1, 2]	qwen	0
71	11	[1, 2]	qwen	1
71	12	[1, 2]	qwen	0
71	13	[1, 2]	qwen	1
71	14	[1, 2]	qwen	0
71	15	[1, 2]	qwen	0
72	1	[1]	blip2	0
72	2	[1]	blip2	0
72	3	[1]	blip2	0
72	4	[2]	blip2	0
72	5	[2]	blip2	0
72	6	[2]	blip2	0
72	7	[1, 2]	blip2	0
72	8	[1, 2]	blip2	0
72	9	[1, 2]	blip2	0
72	10	[1, 2]	blip2	0
72	11	[1, 2]	blip2	0
72	12	[1, 2]	blip2	0
72	13	[1, 2]	blip2	1
72	14	[1, 2]	blip2	0
72	15	[1, 2]	blip2	0
72	16	[1, 2]	blip2	0
72	1	[1]	llava	1
72	2	[1]	llava	1
72	3	[1]	llava	1
72	4	[2]	llava	1
72	5	[2]	llava	1
72	6	[2]	llava	1
72	7	[1, 2]	llava	1
72	8	[1, 2]	llava	1
72	9	[1, 2]	llava	0
72	10	[1, 2]	llava	1
72	11	[1, 2]	llava	0
72	12	[1, 2]	llava	0
72	13	[1, 2]	llava	0
72	14	[1, 2]	llava	0
72	15	[1, 2]	llava	1
72	16	[1, 2]	llava	0
72	1	[1]	qwen	1
72	2	[1]	qwen	1
72	3	[1]	qwen	1
72	4	[2]	qwen	0
72	5	[2]	qwen	1
72	6	[2]	qwen	0
72	7	[1, 2]	qwen	0
72	8	[1, 2]	qwen	0
72	9	[1, 2]	qwen	1
72	10	[1, 2]	qwen	1
72	11	[1, 2]	qwen	1
72	12	[1, 2]	qwen	0
72	13	[1, 2]	qwen	0
72	14	[1, 2]	qwen	0
72	15	[1, 2]	qwen	0
72	16	[1, 2]	qwen	1
73	1	[1, 2, 3, 4]	blip2	0
73	2	[1, 2, 3, 4]	blip2	0
73	3	[1, 2, 3, 4]	blip2	0
73	4	[1, 2, 3, 4]	blip2	0
73	5	[1, 2, 3, 4]	blip2	0
73	6	[1, 2, 3, 4]	blip2	0
73	7	[1, 2, 3, 4]	blip2	0
73	1	[1, 2, 3, 4]	llava	0
73	2	[1, 2, 3, 4]	llava	0
73	3	[1, 2, 3, 4]	llava	0
73	4	[1, 2, 3, 4]	llava	0
73	5	[1, 2, 3, 4]	llava	1
73	6	[1, 2, 3, 4]	llava	1
73	7	[1, 2, 3, 4]	llava	1
73	1	[1, 2, 3, 4]	qwen	0
73	2	[1, 2, 3, 4]	qwen	0
73	3	[1, 2, 3, 4]	qwen	0
73	4	[1, 2, 3, 4]	qwen	1
73	5	[1, 2, 3, 4]	qwen	1
73	6	[1, 2, 3, 4]	qwen	1
73	7	[1, 2, 3, 4]	qwen	1
74	1	[1]	blip2	0
74	2	[1]	blip2	1
74	3	[1]	blip2	0
74	4	[2]	blip2	0
74	5	[2]	blip2	1
74	6	[2]	blip2	0
74	7	[3]	blip2	1
74	8	[3]	blip2	0
74	9	[3]	blip2	1
74	10	[4]	blip2	1
74	11	[4]	blip2	0
74	12	[4]	blip2	1
74	13	[5]	blip2	0
74	14	[5]	blip2	0
74	15	[5]	blip2	0
74	16	[1, 2, 3]	blip2	0
74	17	[1, 3, 5]	blip2	0
74	18	[1, 5]	blip2	0
74	19	[1, 4, 5]	blip2	0
74	20	[2, 3, 4]	blip2	0
74	1	[1]	llava	1
74	2	[1]	llava	1
74	3	[1]	llava	1
74	4	[2]	llava	0
74	5	[2]	llava	1
74	6	[2]	llava	1
74	7	[3]	llava	1
74	8	[3]	llava	1
74	9	[3]	llava	1
74	10	[4]	llava	1
74	11	[4]	llava	0
74	12	[4]	llava	1
74	13	[5]	llava	1
74	14	[5]	llava	1
74	15	[5]	llava	0
74	16	[1, 2, 3]	llava	0
74	17	[1, 3, 5]	llava	0
74	18	[1, 5]	llava	1
74	19	[1, 4, 5]	llava	1
74	20	[2, 3, 4]	llava	0
74	1	[1]	qwen	1
74	2	[1]	qwen	1
74	3	[1]	qwen	1
74	4	[2]	qwen	1
74	5	[2]	qwen	1
74	6	[2]	qwen	1
74	7	[3]	qwen	1
74	8	[3]	qwen	1
74	9	[3]	qwen	1
74	10	[4]	qwen	1
74	11	[4]	qwen	1
74	12	[4]	qwen	1
74	13	[5]	qwen	1
74	14	[5]	qwen	1
74	15	[5]	qwen	1
74	16	[1, 2, 3]	qwen	0
74	17	[1, 3, 5]	qwen	0
74	18	[1, 5]	qwen	0
74	19	[1, 4, 5]	qwen	0
74	20	[2, 3, 4]	qwen	0
75	1	[1]	blip2	1
75	2	[1]	blip2	0
75	3	[1]	blip2	0
75	4	[2]	blip2	1
75	5	[2]	blip2	1
75	6	[2]	blip2	0
75	7	[1, 2]	blip2	0
75	8	[1, 2]	blip2	0
75	9	[1, 2]	blip2	0
75	10	[1, 2]	blip2	0
75	11	[1, 2]	blip2	0
75	12	[1, 2]	blip2	0
75	13	[1, 2]	blip2	0
75	14	[1, 2]	blip2	1
75	15	[1, 2]	blip2	0
75	1	[1]	llava	1
75	2	[1]	llava	1
75	3	[1]	llava	1
75	4	[2]	llava	1
75	5	[2]	llava	1
75	6	[2]	llava	1
75	7	[1, 2]	llava	0
75	8	[1, 2]	llava	1
75	9	[1, 2]	llava	0
75	10	[1, 2]	llava	1
75	11	[1, 2]	llava	0
75	12	[1, 2]	llava	1
75	13	[1, 2]	llava	1
75	14	[1, 2]	llava	0
75	15	[1, 2]	llava	1
75	1	[1]	qwen	1
75	2	[1]	qwen	0
75	3	[1]	qwen	1
75	4	[2]	qwen	1
75	5	[2]	qwen	1
75	6	[2]	qwen	1
75	7	[1, 2]	qwen	0
75	8	[1, 2]	qwen	1
75	9	[1, 2]	qwen	0
75	10	[1, 2]	qwen	0
75	11	[1, 2]	qwen	1
75	12	[1, 2]	qwen	1
75	13	[1, 2]	qwen	1
75	14	[1, 2]	qwen	0
75	15	[1, 2]	qwen	1
76	1	[1]	blip2	1
76	2	[1]	blip2	0
76	3	[1]	blip2	0
76	4	[2]	blip2	0
76	5	[2]	blip2	1
76	6	[3]	blip2	0
76	7	[3]	blip2	0
76	8	[3]	blip2	0
76	9	[4]	blip2	0
76	10	[4]	blip2	0
76	11	[4]	blip2	1
76	12	[1, 2, 3, 4]	blip2	0
76	13	[2, 4]	blip2	0
76	14	[1, 2, 3, 4]	blip2	0
76	15	[1, 3]	blip2	1
76	16	[2, 4]	blip2	0
76	17	[1, 2, 4]	blip2	0
76	18	[2, 4]	blip2	0
76	19	[1, 2, 3, 4]	blip2	0
76	20	[1, 3, 4]	blip2	0
76	1	[1]	llava	1
76	2	[1]	llava	0
76	3	[1]	llava	0
76	4	[2]	llava	1
76	5	[2]	llava	1
76	6	[3]	llava	0
76	7	[3]	llava	1
76	8	[3]	llava	1
76	9	[4]	llava	0
76	10	[4]	llava	1
76	11	[4]	llava	1
76	12	[1, 2, 3, 4]	llava	0
76	13	[2, 4]	llava	0
76	14	[1, 2, 3, 4]	llava	0
76	15	[1, 3]	llava	0
76	16	[2, 4]	llava	1
76	17	[1, 2, 4]	llava	0
76	18	[2, 4]	llava	0
76	19	[1, 2, 3, 4]	llava	0
76	20	[1, 3, 4]	llava	0
76	1	[1]	qwen	1
76	2	[1]	qwen	1
76	3	[1]	qwen	0
76	4	[2]	qwen	1
76	5	[2]	qwen	1
76	6	[3]	qwen	1
76	7	[3]	qwen	1
76	8	[3]	qwen	1
76	9	[4]	qwen	1
76	10	[4]	qwen	1
76	11	[4]	qwen	1
76	12	[1, 2, 3, 4]	qwen	0
76	13	[2, 4]	qwen	0
76	14	[1, 2, 3, 4]	qwen	0
76	15	[1, 3]	qwen	0
76	16	[2, 4]	qwen	1
76	17	[1, 2, 4]	qwen	0
76	18	[2, 4]	qwen	1
76	19	[1, 2, 3, 4]	qwen	0
76	20	[1, 3, 4]	qwen	0
77	1	[1]	blip2	1
77	2	[1]	blip2	1
77	3	[1]	blip2	1
77	4	[2]	blip2	1
77	5	[2]	blip2	0
77	6	[2]	blip2	1
77	7	[3]	blip2	0
77	8	[3]	blip2	1
77	9	[3]	blip2	1
77	10	[1, 2, 3]	blip2	0
77	11	[1, 2, 3]	blip2	1
77	12	[1, 2, 3]	blip2	0
77	13	[1, 2, 3]	blip2	0
77	14	[1, 2, 3]	blip2	1
77	15	[1, 2, 3]	blip2	1
77	16	[1, 2, 3]	blip2	0
77	1	[1]	llava	1
77	2	[1]	llava	1
77	3	[1]	llava	1
77	4	[2]	llava	1
77	5	[2]	llava	1
77	6	[2]	llava	1
77	7	[3]	llava	0
77	8	[3]	llava	1
77	9	[3]	llava	0
77	10	[1, 2, 3]	llava	0
77	11	[1, 2, 3]	llava	1
77	12	[1, 2, 3]	llava	0
77	13	[1, 2, 3]	llava	1
77	14	[1, 2, 3]	llava	1
77	15	[1, 2, 3]	llava	1
77	16	[1, 2, 3]	llava	1
77	1	[1]	qwen	1
77	2	[1]	qwen	1
77	3	[1]	qwen	1
77	4	[2]	qwen	1
77	5	[2]	qwen	1
77	6	[2]	qwen	1
77	7	[3]	qwen	1
77	8	[3]	qwen	1
77	9	[3]	qwen	1
77	10	[1, 2, 3]	qwen	0
77	11	[1, 2, 3]	qwen	1
77	12	[1, 2, 3]	qwen	0
77	13	[1, 2, 3]	qwen	1
77	14	[1, 2, 3]	qwen	1
77	15	[1, 2, 3]	qwen	1
77	16	[1, 2, 3]	qwen	1
78	1	[1]	blip2	0
78	2	[1]	blip2	1
78	3	[1]	blip2	0
78	4	[2]	blip2	1
78	5	[2]	blip2	0
78	6	[2]	blip2	0
78	7	[1, 2]	blip2	0
78	8	[1]	blip2	1
78	9	[1, 2]	blip2	0
78	10	[1]	blip2	0
78	11	[1, 2]	blip2	1
78	12	[1, 2]	blip2	1
78	13	[1]	blip2	1
78	14	[1]	blip2	1
78	15	[1, 2]	blip2	0
78	16	[1]	blip2	0
78	17	[2]	blip2	0
78	18	[1, 2]	blip2	0
78	19	[2]	blip2	0
78	20	[1, 2]	blip2	0
78	1	[1]	llava	1
78	2	[1]	llava	1
78	3	[1]	llava	1
78	4	[2]	llava	0
78	5	[2]	llava	0
78	6	[2]	llava	0
78	7	[1, 2]	llava	0
78	8	[1]	llava	1
78	9	[1, 2]	llava	0
78	10	[1]	llava	1
78	11	[1, 2]	llava	1
78	12	[1, 2]	llava	1
78	13	[1]	llava	0
78	14	[1]	llava	1
78	15	[1, 2]	llava	0
78	16	[1]	llava	0
78	17	[2]	llava	1
78	18	[1, 2]	llava	1
78	19	[2]	llava	0
78	20	[1, 2]	llava	0
78	1	[1]	qwen	1
78	2	[1]	qwen	1
78	3	[1]	qwen	1
78	4	[2]	qwen	1
78	5	[2]	qwen	0
78	6	[2]	qwen	1
78	7	[1, 2]	qwen	1
78	8	[1]	qwen	1
78	9	[1, 2]	qwen	1
78	10	[1]	qwen	1
78	11	[1, 2]	qwen	1
78	12	[1, 2]	qwen	1
78	13	[1]	qwen	1
78	14	[1]	qwen	0
78	15	[1, 2]	qwen	0
78	16	[1]	qwen	1
78	17	[2]	qwen	1
78	18	[1, 2]	qwen	1
78	19	[2]	qwen	1
78	20	[1, 2]	qwen	1
79	1	[1]	blip2	0
79	2	[1]	blip2	0
79	3	[1]	blip2	0
79	4	[2]	blip2	1
79	5	[2]	blip2	1
79	6	[2]	blip2	1
79	7	[3]	blip2	0
79	8	[3]	blip2	0
79	9	[3]	blip2	1
79	10	[4]	blip2	1
79	11	[4]	blip2	0
79	12	[4]	blip2	0
79	13	[1, 2, 3, 4]	blip2	0
79	14	[1, 3, 4]	blip2	0
79	15	[1, 2, 4]	blip2	0
79	16	[2, 4]	blip2	0
79	17	[2, 3]	blip2	0
79	18	[3, 4]	blip2	1
79	19	[1, 4]	blip2	0
79	20	[1, 3, 4]	blip2	0
79	1	[1]	llava	1
79	2	[1]	llava	0
79	3	[1]	llava	1
79	4	[2]	llava	1
79	5	[2]	llava	1
79	6	[2]	llava	1
79	7	[3]	llava	1
79	8	[3]	llava	1
79	9	[3]	llava	1
79	10	[4]	llava	1
79	11	[4]	llava	1
79	12	[4]	llava	0
79	13	[1, 2, 3, 4]	llava	1
79	14	[1, 3, 4]	llava	0
79	15	[1, 2, 4]	llava	0
79	16	[2, 4]	llava	0
79	17	[2, 3]	llava	0
79	18	[3, 4]	llava	1
79	19	[1, 4]	llava	0
79	20	[1, 3, 4]	llava	0
79	1	[1]	qwen	1
79	2	[1]	qwen	1
79	3	[1]	qwen	1
79	4	[2]	qwen	0
79	5	[2]	qwen	1
79	6	[2]	qwen	1
79	7	[3]	qwen	1
79	8	[3]	qwen	1
79	9	[3]	qwen	1
79	10	[4]	qwen	1
79	11	[4]	qwen	1
79	12	[4]	qwen	1
79	13	[1, 2, 3, 4]	qwen	1
79	14	[1, 3, 4]	qwen	0
79	15	[1, 2, 4]	qwen	0
79	16	[2, 4]	qwen	0
79	17	[2, 3]	qwen	0
79	18	[3, 4]	qwen	1
79	19	[1, 4]	qwen	0
79	20	[1, 3, 4]	qwen	0
80	1	[1, 2, 3]	blip2	0
80	2	[1, 2, 3]	blip2	0
80	3	[1, 2, 3]	blip2	0
80	4	[1, 2, 3]	blip2	1
80	5	[1, 2, 3]	blip2	0
80	6	[1, 2, 3]	blip2	0
80	7	[1, 2, 3]	blip2	0
80	1	[1, 2, 3]	llava	0
80	2	[1, 2, 3]	llava	1
80	3	[1, 2, 3]	llava	0
80	4	[1, 2, 3]	llava	0
80	5	[1, 2, 3]	llava	1
80	6	[1, 2, 3]	llava	1
80	7	[1, 2, 3]	llava	0
80	1	[1, 2, 3]	qwen	1
80	2	[1, 2, 3]	qwen	1
80	3	[1, 2, 3]	qwen	0
80	4	[1, 2, 3]	qwen	1
80	5	[1, 2, 3]	qwen	1
80	6	[1, 2, 3]	qwen	1
80	7	[1, 2, 3]	qwen	1
81	1	[1]	blip2	0
81	2	[1]	blip2	1
81	3	[1]	blip2	1
81	4	[2]	blip2	0
81	5	[3]	blip2	0
81	6	[3]	blip2	1
81	7	[3]	blip2	0
81	8	[4]	blip2	0
81	9	[4]	blip2	0
81	10	[4]	blip2	0
81	11	[5]	blip2	1
81	12	[5]	blip2	0
81	13	[5]	blip2	0
81	14	[1, 2, 5]	blip2	0
81	15	[3, 4]	blip2	0
81	16	[1, 2, 4]	blip2	0
81	17	[2, 5]	blip2	0
81	18	[2, 5]	blip2	0
81	19	[3, 4]	blip2	0
81	20	[1, 4]	blip2	0
81	1	[1]	llava	1
81	2	[1]	llava	1
81	3	[1]	llava	1
81	4	[2]	llava	1
81	5	[3]	llava	0
81	6	[3]	llava	1
81	7	[3]	llava	1
81	8	[4]	llava	1
81	9	[4]	llava	1
81	10	[4]	llava	1
81	11	[5]	llava	1
81	12	[5]	llava	1
81	13	[5]	llava	1
81	14	[1, 2, 5]	llava	0
81	15	[3, 4]	llava	1
81	16	[1, 2, 4]	llava	0
81	17	[2, 5]	llava	1
81	18	[2, 5]	llava	0
81	19	[3, 4]	llava	1
81	20	[1, 4]	llava	1
81	1	[1]	qwen	1
81	2	[1]	qwen	1
81	3	[1]	qwen	1
81	4	[2]	qwen	1
81	5	[3]	qwen	1
81	6	[3]	qwen	1
81	7	[3]	qwen	1
81	8	[4]	qwen	1
81	9	[4]	qwen	1
81	10	[4]	qwen	1
81	11	[5]	qwen	0
81	12	[5]	qwen	1
81	13	[5]	qwen	1
81	14	[1, 2, 5]	qwen	0
81	15	[3, 4]	qwen	1
81	16	[1, 2, 4]	qwen	1
81	17	[2, 5]	qwen	0
81	18	[2, 5]	qwen	1
81	19	[3, 4]	qwen	1
81	20	[1, 4]	qwen	1
82	1	[2, 4]	blip2	0
82	2	[3, 1]	blip2	0
82	3	[1, 3, 4]	blip2	0
82	4	[2, 3, 4]	blip2	0
82	5	[2, 3, 1]	blip2	0
82	6	[2, 4]	blip2	0
82	7	[3, 4]	blip2	0
82	8	[1, 3]	blip2	0
82	1	[2, 4]	llava	1
82	2	[3, 1]	llava	0
82	3	[1, 3, 4]	llava	0
82	4	[2, 3, 4]	llava	0
82	5	[2, 3, 1]	llava	0
82	6	[2, 4]	llava	1
82	7	[3, 4]	llava	1
82	8	[1, 3]	llava	0
82	1	[2, 4]	qwen	0
82	2	[3, 1]	qwen	0
82	3	[1, 3, 4]	qwen	0
82	4	[2, 3, 4]	qwen	0
82	5	[2, 3, 1]	qwen	1
82	6	[2, 4]	qwen	0
82	7	[3, 4]	qwen	1
82	8	[1, 3]	qwen	0
83	1	[1, 2, 3]	blip2	0
83	2	[1, 2, 3]	blip2	0
83	3	[1, 2, 3]	blip2	0
83	4	[1, 2, 3]	blip2	0
83	5	[1, 2, 3]	blip2	0
83	6	[1, 2, 3]	blip2	0
83	7	[1, 2, 3]	blip2	0
83	1	[1, 2, 3]	llava	0
83	2	[1, 2, 3]	llava	1
83	3	[1, 2, 3]	llava	1
83	4	[1, 2, 3]	llava	0
83	5	[1, 2, 3]	llava	0
83	6	[1, 2, 3]	llava	0
83	7	[1, 2, 3]	llava	1
83	1	[1, 2, 3]	qwen	0
83	2	[1, 2, 3]	qwen	0
83	3	[1, 2, 3]	qwen	1
83	4	[1, 2, 3]	qwen	1
83	5	[1, 2, 3]	qwen	1
83	6	[1, 2, 3]	qwen	0
83	7	[1, 2, 3]	qwen	1
84	1	[1, 2]	blip2	0
84	2	[1, 2]	blip2	0
84	3	[1, 2]	blip2	0
84	4	[1, 2]	blip2	1
84	5	[1, 2]	blip2	0
84	6	[1, 2]	blip2	0
84	7	[1, 2]	blip2	0
84	8	[1, 2]	blip2	1
84	9	[1, 2]	blip2	0
84	10	[1, 2]	blip2	0
84	1	[1, 2]	llava	0
84	2	[1, 2]	llava	0
84	3	[1, 2]	llava	1
84	4	[1, 2]	llava	1
84	5	[1, 2]	llava	0
84	6	[1, 2]	llava	0
84	7	[1, 2]	llava	0
84	8	[1, 2]	llava	0
84	9	[1, 2]	llava	1
84	10	[1, 2]	llava	0
84	1	[1, 2]	qwen	0
84	2	[1, 2]	qwen	1
84	3	[1, 2]	qwen	0
84	4	[1, 2]	qwen	1
84	5	[1, 2]	qwen	1
84	6	[1, 2]	qwen	0
84	7	[1, 2]	qwen	0
84	8	[1, 2]	qwen	1
84	9	[1, 2]	qwen	1
84	10	[1, 2]	qwen	0
85	1	[1]	blip2	0
85	2	[1]	blip2	0
85	3	[1]	blip2	0
85	4	[2]	blip2	0
85	5	[2]	blip2	0
85	6	[2]	blip2	1
85	7	[3]	blip2	0
85	8	[3]	blip2	0
85	9	[3]	blip2	0
85	10	[4]	blip2	0
85	11	[1, 2, 3, 4]	blip2	0
85	12	[1, 3, 4]	blip2	0
85	13	[2, 3]	blip2	0
85	14	[1, 2, 4]	blip2	0
85	15	[1, 4]	blip2	0
85	16	[1, 2, 3]	blip2	0
85	17	[1, 2, 3]	blip2	0
85	18	[1, 3]	blip2	0
85	1	[1]	llava	1
85	2	[1]	llava	0
85	3	[1]	llava	0
85	4	[2]	llava	1
85	5	[2]	llava	1
85	6	[2]	llava	1
85	7	[3]	llava	0
85	8	[3]	llava	1
85	9	[3]	llava	1
85	10	[4]	llava	1
85	11	[1, 2, 3, 4]	llava	0
85	12	[1, 3, 4]	llava	0
85	13	[2, 3]	llava	0
85	14	[1, 2, 4]	llava	0
85	15	[1, 4]	llava	1
85	16	[1, 2, 3]	llava	0
85	17	[1, 2, 3]	llava	0
85	18	[1, 3]	llava	0
85	1	[1]	qwen	1
85	2	[1]	qwen	1
85	3	[1]	qwen	1
85	4	[2]	qwen	1
85	5	[2]	qwen	1
85	6	[2]	qwen	1
85	7	[3]	qwen	1
85	8	[3]	qwen	1
85	9	[3]	qwen	1
85	10	[4]	qwen	1
85	11	[1, 2, 3, 4]	qwen	0
85	12	[1, 3, 4]	qwen	0
85	13	[2, 3]	qwen	1
85	14	[1, 2, 4]	qwen	0
85	15	[1, 4]	qwen	0
85	16	[1, 2, 3]	qwen	0
85	17	[1, 2, 3]	qwen	0
85	18	[1, 3]	qwen	0
86	1	[1]	blip2	1
86	2	[1]	blip2	1
86	3	[1]	blip2	1
86	4	[2]	blip2	0
86	5	[2]	blip2	1
86	6	[2]	blip2	0
86	7	[3]	blip2	1
86	8	[3]	blip2	0
86	9	[3]	blip2	0
86	10	[1, 2, 3]	blip2	0
86	11	[1, 2, 3]	blip2	0
86	12	[1, 2, 3]	blip2	0
86	13	[1, 2, 3]	blip2	0
86	14	[1, 2, 3]	blip2	0
86	15	[1, 2, 3]	blip2	0
86	16	[1, 2, 3]	blip2	0
86	17	[1, 2, 3]	blip2	0
86	1	[1]	llava	1
86	2	[1]	llava	1
86	3	[1]	llava	1
86	4	[2]	llava	0
86	5	[2]	llava	1
86	6	[2]	llava	1
86	7	[3]	llava	1
86	8	[3]	llava	0
86	9	[3]	llava	1
86	10	[1, 2, 3]	llava	0
86	11	[1, 2, 3]	llava	0
86	12	[1, 2, 3]	llava	0
86	13	[1, 2, 3]	llava	0
86	14	[1, 2, 3]	llava	1
86	15	[1, 2, 3]	llava	0
86	16	[1, 2, 3]	llava	0
86	17	[1, 2, 3]	llava	1
86	1	[1]	qwen	1
86	2	[1]	qwen	1
86	3	[1]	qwen	1
86	4	[2]	qwen	1
86	5	[2]	qwen	1
86	6	[2]	qwen	1
86	7	[3]	qwen	1
86	8	[3]	qwen	0
86	9	[3]	qwen	1
86	10	[1, 2, 3]	qwen	0
86	11	[1, 2, 3]	qwen	0
86	12	[1, 2, 3]	qwen	1
86	13	[1, 2, 3]	qwen	1
86	14	[1, 2, 3]	qwen	1
86	15	[1, 2, 3]	qwen	0
86	16	[1, 2, 3]	qwen	1
86	17	[1, 2, 3]	qwen	1
87	1	[1, 2]	blip2	0
87	2	[1, 2, 3]	blip2	0
87	3	[1, 2, 3]	blip2	0
87	4	[1, 2]	blip2	0
87	5	[3]	blip2	0
87	6	[1, 2, 3]	blip2	0
87	1	[1, 2]	llava	1
87	2	[1, 2, 3]	llava	0
87	3	[1, 2, 3]	llava	0
87	4	[1, 2]	llava	0
87	5	[3]	llava	0
87	6	[1, 2, 3]	llava	0
87	1	[1, 2]	qwen	1
87	2	[1, 2, 3]	qwen	1
87	3	[1, 2, 3]	qwen	0
87	4	[1, 2]	qwen	0
87	5	[3]	qwen	1
87	6	[1, 2, 3]	qwen	0
88	1	[1]	blip2	1
88	2	[1]	blip2	1
88	3	[1]	blip2	1
88	4	[2]	blip2	0
88	5	[2]	blip2	1
88	6	[2]	blip2	1
88	7	[3]	blip2	1
88	8	[3]	blip2	0
88	9	[3]	blip2	0
88	10	[4]	blip2	1
88	11	[4]	blip2	1
88	12	[4]	blip2	1
88	13	[5]	blip2	1
88	14	[5]	blip2	0
88	15	[5]	blip2	0
88	16	[3, 4]	blip2	0
88	17	[2, 4]	blip2	0
88	18	[1, 5]	blip2	0
88	19	[3, 5]	blip2	1
88	20	[2, 4, 5]	blip2	1
88	1	[1]	llava	1
88	2	[1]	llava	1
88	3	[1]	llava	1
88	4	[2]	llava	1
88	5	[2]	llava	1
88	6	[2]	llava	1
88	7	[3]	llava	1
88	8	[3]	llava	1
88	9	[3]	llava	1
88	10	[4]	llava	0
88	11	[4]	llava	1
88	12	[4]	llava	1
88	13	[5]	llava	0
88	14	[5]	llava	0
88	15	[5]	llava	0
88	16	[3, 4]	llava	0
88	17	[2, 4]	llava	0
88	18	[1, 5]	llava	0
88	19	[3, 5]	llava	0
88	20	[2, 4, 5]	llava	0
88	1	[1]	qwen	1
88	2	[1]	qwen	1
88	3	[1]	qwen	1
88	4	[2]	qwen	1
88	5	[2]	qwen	1
88	6	[2]	qwen	1
88	7	[3]	qwen	1
88	8	[3]	qwen	1
88	9	[3]	qwen	1
88	10	[4]	qwen	1
88	11	[4]	qwen	1
88	12	[4]	qwen	1
88	13	[5]	qwen	1
88	14	[5]	qwen	0
88	15	[5]	qwen	0
88	16	[3, 4]	qwen	0
88	17	[2, 4]	qwen	0
88	18	[1, 5]	qwen	0
88	19	[3, 5]	qwen	0
88	20	[2, 4, 5]	qwen	1
89	1	[1, 2]	blip2	0
89	2	[1, 2]	blip2	0
89	3	[1, 2]	blip2	0
89	4	[1, 2]	blip2	1
89	5	[1, 2]	blip2	0
89	6	[1, 2]	blip2	0
89	7	[1, 2]	blip2	0
89	8	[1, 2]	blip2	0
89	1	[1, 2]	llava	0
89	2	[1, 2]	llava	0
89	3	[1, 2]	llava	0
89	4	[1, 2]	llava	0
89	5	[1, 2]	llava	0
89	6	[1, 2]	llava	0
89	7	[1, 2]	llava	0
89	8	[1, 2]	llava	0
89	1	[1, 2]	qwen	0
89	2	[1, 2]	qwen	1
89	3	[1, 2]	qwen	0
89	4	[1, 2]	qwen	0
89	5	[1, 2]	qwen	1
89	6	[1, 2]	qwen	0
89	7	[1, 2]	qwen	0
89	8	[1, 2]	qwen	0
90	1	[1]	blip2	0
90	2	[1]	blip2	1
90	3	[1]	blip2	0
90	4	[2]	blip2	0
90	5	[2]	blip2	0
90	6	[2]	blip2	0
90	7	[3]	blip2	0
90	8	[3]	blip2	0
90	9	[3]	blip2	1
90	10	[4]	blip2	1
90	11	[4]	blip2	0
90	12	[4]	blip2	0
90	13	[1, 2]	blip2	0
90	14	[3, 4]	blip2	0
90	15	[2, 4]	blip2	0
90	16	[1, 3]	blip2	0
90	17	[1, 3]	blip2	0
90	18	[2, 4]	blip2	0
90	19	[1, 2]	blip2	0
90	20	[3, 4]	blip2	1
90	1	[1]	llava	0
90	2	[1]	llava	1
90	3	[1]	llava	1
90	4	[2]	llava	1
90	5	[2]	llava	1
90	6	[2]	llava	1
90	7	[3]	llava	0
90	8	[3]	llava	0
90	9	[3]	llava	1
90	10	[4]	llava	1
90	11	[4]	llava	1
90	12	[4]	llava	1
90	13	[1, 2]	llava	0
90	14	[3, 4]	llava	0
90	15	[2, 4]	llava	0
90	16	[1, 3]	llava	1
90	17	[1, 3]	llava	1
90	18	[2, 4]	llava	0
90	19	[1, 2]	llava	0
90	20	[3, 4]	llava	1
90	1	[1]	qwen	0
90	2	[1]	qwen	1
90	3	[1]	qwen	1
90	4	[2]	qwen	1
90	5	[2]	qwen	1
90	6	[2]	qwen	1
90	7	[3]	qwen	1
90	8	[3]	qwen	1
90	9	[3]	qwen	1
90	10	[4]	qwen	1
90	11	[4]	qwen	1
90	12	[4]	qwen	1
90	13	[1, 2]	qwen	0
90	14	[3, 4]	qwen	1
90	15	[2, 4]	qwen	0
90	16	[1, 3]	qwen	0
90	17	[1, 3]	qwen	0
90	18	[2, 4]	qwen	0
90	19	[1, 2]	qwen	1
90	20	[3, 4]	qwen	1
91	1	[1]	blip2	1
91	2	[1]	blip2	0
91	3	[1]	blip2	1
91	4	[2]	blip2	0
91	5	[2]	blip2	0
91	6	[2]	blip2	0
91	7	[3]	blip2	1
91	8	[3]	blip2	1
91	9	[3]	blip2	0
91	10	[4]	blip2	0
91	11	[4]	blip2	0
91	12	[4]	blip2	1
91	13	[1, 2, 3, 4]	blip2	0
91	14	[1, 2, 3, 4]	blip2	0
91	15	[2, 3, 4]	blip2	0
91	16	[1, 4]	blip2	0
91	17	[2, 4]	blip2	0
91	18	[2, 3, 4]	blip2	0
91	19	[3, 4]	blip2	0
91	1	[1]	llava	1
91	2	[1]	llava	1
91	3	[1]	llava	1
91	4	[2]	llava	1
91	5	[2]	llava	1
91	6	[2]	llava	1
91	7	[3]	llava	1
91	8	[3]	llava	1
91	9	[3]	llava	1
91	10	[4]	llava	1
91	11	[4]	llava	1
91	12	[4]	llava	1
91	13	[1, 2, 3, 4]	llava	0
91	14	[1, 2, 3, 4]	llava	0
91	15	[2, 3, 4]	llava	0
91	16	[1, 4]	llava	0
91	17	[2, 4]	llava	0
91	18	[2, 3, 4]	llava	0
91	19	[3, 4]	llava	1
91	1	[1]	qwen	1
91	2	[1]	qwen	0
91	3	[1]	qwen	1
91	4	[2]	qwen	1
91	5	[2]	qwen	1
91	6	[2]	qwen	1
91	7	[3]	qwen	1
91	8	[3]	qwen	1
91	9	[3]	qwen	1
91	10	[4]	qwen	1
91	11	[4]	qwen	1
91	12	[4]	qwen	1
91	13	[1, 2, 3, 4]	qwen	0
91	14	[1, 2, 3, 4]	qwen	0
91	15	[2, 3, 4]	qwen	0
91	16	[1, 4]	qwen	0
91	17	[2, 4]	qwen	0
91	18	[2, 3, 4]	qwen	0
91	19	[3, 4]	qwen	1
92	1	[1]	blip2	0
92	2	[1]	blip2	0
92	3	[1]	blip2	0
92	4	[2]	blip2	1
92	5	[2]	blip2	0
92	6	[2]	blip2	0
92	7	[1, 2]	blip2	0
92	8	[1, 2]	blip2	0
92	9	[1, 2]	blip2	0
92	10	[1, 2]	blip2	0
92	11	[1, 2]	blip2	0
92	12	[1, 2]	blip2	0
92	13	[1, 2]	blip2	0
92	14	[1, 2]	blip2	1
92	15	[1, 2]	blip2	0
92	16	[1, 2]	blip2	0
92	1	[1]	llava	0
92	2	[1]	llava	1
92	3	[1]	llava	0
92	4	[2]	llava	1
92	5	[2]	llava	1
92	6	[2]	llava	1
92	7	[1, 2]	llava	0
92	8	[1, 2]	llava	1
92	9	[1, 2]	llava	1
92	10	[1, 2]	llava	1
92	11	[1, 2]	llava	1
92	12	[1, 2]	llava	1
92	13	[1, 2]	llava	1
92	14	[1, 2]	llava	1
92	15	[1, 2]	llava	1
92	16	[1, 2]	llava	1
92	1	[1]	qwen	1
92	2	[1]	qwen	1
92	3	[1]	qwen	1
92	4	[2]	qwen	1
92	5	[2]	qwen	1
92	6	[2]	qwen	1
92	7	[1, 2]	qwen	1
92	8	[1, 2]	qwen	1
92	9	[1, 2]	qwen	1
92	10	[1, 2]	qwen	0
92	11	[1, 2]	qwen	1
92	12	[1, 2]	qwen	0
92	13	[1, 2]	qwen	1
92	14	[1, 2]	qwen	1
92	15	[1, 2]	qwen	1
92	16	[1, 2]	qwen	0
93	1	[1]	blip2	1
93	2	[1]	blip2	1
93	3	[1]	blip2	1
93	4	[2]	blip2	1
93	5	[2]	blip2	0
93	6	[2]	blip2	0
93	7	[1, 2]	blip2	0
93	8	[1, 2]	blip2	0
93	9	[1, 2]	blip2	1
93	10	[1, 2]	blip2	0
93	11	[1, 2]	blip2	0
93	12	[1, 2]	blip2	0
93	13	[1, 2]	blip2	0
93	14	[1, 2]	blip2	0
93	15	[1, 2]	blip2	0
93	16	[1, 2]	blip2	0
93	17	[1, 2]	blip2	1
93	18	[1, 2]	blip2	1
93	19	[1, 2]	blip2	0
93	1	[1]	llava	1
93	2	[1]	llava	1
93	3	[1]	llava	1
93	4	[2]	llava	1
93	5	[2]	llava	1
93	6	[2]	llava	1
93	7	[1, 2]	llava	1
93	8	[1, 2]	llava	1
93	9	[1, 2]	llava	1
93	10	[1, 2]	llava	1
93	11	[1, 2]	llava	0
93	12	[1, 2]	llava	1
93	13	[1, 2]	llava	1
93	14	[1, 2]	llava	1
93	15	[1, 2]	llava	0
93	16	[1, 2]	llava	1
93	17	[1, 2]	llava	1
93	18	[1, 2]	llava	1
93	19	[1, 2]	llava	1
93	1	[1]	qwen	1
93	2	[1]	qwen	1
93	3	[1]	qwen	1
93	4	[2]	qwen	1
93	5	[2]	qwen	1
93	6	[2]	qwen	1
93	7	[1, 2]	qwen	0
93	8	[1, 2]	qwen	1
93	9	[1, 2]	qwen	1
93	10	[1, 2]	qwen	0
93	11	[1, 2]	qwen	1
93	12	[1, 2]	qwen	1
93	13	[1, 2]	qwen	1
93	14	[1, 2]	qwen	1
93	15	[1, 2]	qwen	0
93	16	[1, 2]	qwen	1
93	17	[1, 2]	qwen	1
93	18	[1, 2]	qwen	1
93	19	[1, 2]	qwen	0
94	1	[1]	blip2	1
94	2	[1]	blip2	0
94	3	[1]	blip2	0
94	4	[2]	blip2	1
94	5	[2]	blip2	0
94	6	[1, 2]	blip2	0
94	7	[1, 2]	blip2	1
94	8	[1, 2]	blip2	0
94	9	[1, 2]	blip2	1
94	10	[1, 2]	blip2	0
94	11	[1, 2]	blip2	0
94	12	[1, 2]	blip2	0
94	13	[1, 2]	blip2	0
94	14	[1, 2]	blip2	0
94	15	[1, 2]	blip2	0
94	1	[1]	llava	1
94	2	[1]	llava	0
94	3	[1]	llava	1
94	4	[2]	llava	1
94	5	[2]	llava	1
94	6	[1, 2]	llava	0
94	7	[1, 2]	llava	1
94	8	[1, 2]	llava	0
94	9	[1, 2]	llava	1
94	10	[1, 2]	llava	0
94	11	[1, 2]	llava	1
94	12	[1, 2]	llava	1
94	13	[1, 2]	llava	0
94	14	[1, 2]	llava	0
94	15	[1, 2]	llava	1
94	1	[1]	qwen	1
94	2	[1]	qwen	0
94	3	[1]	qwen	1
94	4	[2]	qwen	1
94	5	[2]	qwen	1
94	6	[1, 2]	qwen	0
94	7	[1, 2]	qwen	0
94	8	[1, 2]	qwen	0
94	9	[1, 2]	qwen	1
94	10	[1, 2]	qwen	1
94	11	[1, 2]	qwen	1
94	12	[1, 2]	qwen	0
94	13	[1, 2]	qwen	1
94	14	[1, 2]	qwen	0
94	15	[1, 2]	qwen	1
95	1	[1]	blip2	1
95	2	[1]	blip2	0
95	3	[1]	blip2	0
95	4	[2]	blip2	0
95	5	[2]	blip2	0
95	6	[2]	blip2	0
95	7	[1, 2]	blip2	0
95	8	[1, 2]	blip2	1
95	9	[1, 2]	blip2	0
95	10	[1, 2]	blip2	0
95	11	[1, 2]	blip2	0
95	12	[1, 2]	blip2	0
95	13	[1, 2]	blip2	1
95	14	[1, 2]	blip2	0
95	15	[1, 2]	blip2	0
95	1	[1]	llava	1
95	2	[1]	llava	0
95	3	[1]	llava	1
95	4	[2]	llava	1
95	5	[2]	llava	1
95	6	[2]	llava	1
95	7	[1, 2]	llava	1
95	8	[1, 2]	llava	1
95	9	[1, 2]	llava	0
95	10	[1, 2]	llava	1
95	11	[1, 2]	llava	1
95	12	[1, 2]	llava	1
95	13	[1, 2]	llava	1
95	14	[1, 2]	llava	1
95	15	[1, 2]	llava	1
95	1	[1]	qwen	1
95	2	[1]	qwen	1
95	3	[1]	qwen	1
95	4	[2]	qwen	1
95	5	[2]	qwen	1
95	6	[2]	qwen	1
95	7	[1, 2]	qwen	1
95	8	[1, 2]	qwen	1
95	9	[1, 2]	qwen	0
95	10	[1, 2]	qwen	0
95	11	[1, 2]	qwen	1
95	12	[1, 2]	qwen	0
95	13	[1, 2]	qwen	1
95	14	[1, 2]	qwen	1
95	15	[1, 2]	qwen	1
96	1	[1]	blip2	0
96	2	[1]	blip2	0
96	3	[1]	blip2	1
96	4	[2]	blip2	0
96	5	[2]	blip2	0
96	6	[2]	blip2	1
96	7	[1, 2]	blip2	0
96	8	[1, 2]	blip2	0
96	9	[1, 2]	blip2	0
96	10	[1, 2]	blip2	0
96	11	[1, 2]	blip2	1
96	12	[1, 2]	blip2	1
96	13	[1, 2]	blip2	0
96	14	[1, 2]	blip2	0
96	15	[1, 2]	blip2	0
96	16	[1, 2]	blip2	0
96	1	[1]	llava	0
96	2	[1]	llava	0
96	3	[1]	llava	1
96	4	[2]	llava	0
96	5	[2]	llava	0
96	6	[2]	llava	1
96	7	[1, 2]	llava	0
96	8	[1, 2]	llava	1
96	9	[1, 2]	llava	0
96	10	[1, 2]	llava	0
96	11	[1, 2]	llava	1
96	12	[1, 2]	llava	1
96	13	[1, 2]	llava	0
96	14	[1, 2]	llava	0
96	15	[1, 2]	llava	0
96	16	[1, 2]	llava	1
96	1	[1]	qwen	1
96	2	[1]	qwen	0
96	3	[1]	qwen	1
96	4	[2]	qwen	1
96	5	[2]	qwen	1
96	6	[2]	qwen	1
96	7	[1, 2]	qwen	0
96	8	[1, 2]	qwen	0
96	9	[1, 2]	qwen	1
96	10	[1, 2]	qwen	1
96	11	[1, 2]	qwen	1
96	12	[1, 2]	qwen	1
96	13	[1, 2]	qwen	0
96	14	[1, 2]	qwen	0
96	15	[1, 2]	qwen	0
96	16	[1, 2]	qwen	1
97	1	[1]	blip2	1
97	2	[1]	blip2	0
97	3	[1]	blip2	0
97	4	[2]	blip2	0
97	5	[2]	blip2	0
97	6	[2]	blip2	1
97	7	[1, 2]	blip2	0
97	8	[1, 2]	blip2	0
97	9	[1, 2]	blip2	1
97	10	[1, 2]	blip2	0
97	11	[1, 2]	blip2	1
97	12	[1, 2]	blip2	0
97	13	[1, 2]	blip2	0
97	14	[1, 2]	blip2	0
97	15	[1, 2]	blip2	0
97	16	[1, 2]	blip2	0
97	1	[1]	llava	1
97	2	[1]	llava	1
97	3	[1]	llava	0
97	4	[2]	llava	1
97	5	[2]	llava	1
97	6	[2]	llava	1
97	7	[1, 2]	llava	1
97	8	[1, 2]	llava	1
97	9	[1, 2]	llava	1
97	10	[1, 2]	llava	0
97	11	[1, 2]	llava	1
97	12	[1, 2]	llava	1
97	13	[1, 2]	llava	1
97	14	[1, 2]	llava	0
97	15	[1, 2]	llava	0
97	16	[1, 2]	llava	0
97	1	[1]	qwen	1
97	2	[1]	qwen	1
97	3	[1]	qwen	1
97	4	[2]	qwen	1
97	5	[2]	qwen	1
97	6	[2]	qwen	1
97	7	[1, 2]	qwen	1
97	8	[1, 2]	qwen	1
97	9	[1, 2]	qwen	0
97	10	[1, 2]	qwen	0
97	11	[1, 2]	qwen	1
97	12	[1, 2]	qwen	0
97	13	[1, 2]	qwen	1
97	14	[1, 2]	qwen	0
97	15	[1, 2]	qwen	0
97	16	[1, 2]	qwen	0
98	1	[1]	blip2	0
98	2	[1]	blip2	0
98	3	[1]	blip2	0
98	4	[2]	blip2	0
98	5	[2]	blip2	0
98	6	[2]	blip2	0
98	7	[1, 2]	blip2	0
98	8	[1, 2]	blip2	1
98	9	[1, 2]	blip2	0
98	10	[1, 2]	blip2	0
98	11	[1, 2]	blip2	1
98	12	[1, 2]	blip2	1
98	13	[1, 2]	blip2	0
98	14	[1, 2]	blip2	0
98	15	[1, 2]	blip2	0
98	1	[1]	llava	1
98	2	[1]	llava	1
98	3	[1]	llava	0
98	4	[2]	llava	1
98	5	[2]	llava	0
98	6	[2]	llava	0
98	7	[1, 2]	llava	0
98	8	[1, 2]	llava	0
98	9	[1, 2]	llava	0
98	10	[1, 2]	llava	0
98	11	[1, 2]	llava	1
98	12	[1, 2]	llava	1
98	13	[1, 2]	llava	0
98	14	[1, 2]	llava	0
98	15	[1, 2]	llava	1
98	1	[1]	qwen	0
98	2	[1]	qwen	1
98	3	[1]	qwen	0
98	4	[2]	qwen	1
98	5	[2]	qwen	0
98	6	[2]	qwen	1
98	7	[1, 2]	qwen	0
98	8	[1, 2]	qwen	0
98	9	[1, 2]	qwen	0
98	10	[1, 2]	qwen	0
98	11	[1, 2]	qwen	1
98	12	[1, 2]	qwen	1
98	13	[1, 2]	qwen	1
98	14	[1, 2]	qwen	1
98	15	[1, 2]	qwen	0
99	1	[1]	blip2	1
99	2	[1]	blip2	0
99	3	[1]	blip2	0
99	4	[2]	blip2	1
99	5	[2]	blip2	1
99	6	[2]	blip2	0
99	7	[3]	blip2	1
99	8	[3]	blip2	1
99	9	[3]	blip2	1
99	10	[1, 2, 3]	blip2	0
99	11	[1, 2, 3]	blip2	0
99	12	[1, 2, 3]	blip2	0
99	13	[1, 2, 3]	blip2	0
99	14	[1, 2, 3]	blip2	0
99	15	[1, 2, 3]	blip2	0
99	16	[1, 2, 3]	blip2	0
99	17	[1, 2, 3]	blip2	0
99	18	[1, 2, 3]	blip2	0
99	19	[1, 2, 3]	blip2	0
99	1	[1]	llava	1
99	2	[1]	llava	1
99	3	[1]	llava	1
99	4	[2]	llava	1
99	5	[2]	llava	1
99	6	[2]	llava	1
99	7	[3]	llava	1
99	8	[3]	llava	1
99	9	[3]	llava	1
99	10	[1, 2, 3]	llava	0
99	11	[1, 2, 3]	llava	1
99	12	[1, 2, 3]	llava	0
99	13	[1, 2, 3]	llava	0
99	14	[1, 2, 3]	llava	1
99	15	[1, 2, 3]	llava	0
99	16	[1, 2, 3]	llava	0
99	17	[1, 2, 3]	llava	1
99	18	[1, 2, 3]	llava	1
99	19	[1, 2, 3]	llava	0
99	1	[1]	qwen	1
99	2	[1]	qwen	1
99	3	[1]	qwen	1
99	4	[2]	qwen	1
99	5	[2]	qwen	1
99	6	[2]	qwen	1
99	7	[3]	qwen	1
99	8	[3]	qwen	1
99	9	[3]	qwen	1
99	10	[1, 2, 3]	qwen	0
99	11	[1, 2, 3]	qwen	1
99	12	[1, 2, 3]	qwen	0
99	13	[1, 2, 3]	qwen	0
99	14	[1, 2, 3]	qwen	1
99	15	[1, 2, 3]	qwen	1
99	16	[1, 2, 3]	qwen	0
99	17	[1, 2, 3]	qwen	0
99	18	[1, 2, 3]	qwen	1
99	19	[1, 2, 3]	qwen	0
100	1	[1, 2, 3, 4, 5, 6, 7]	blip2	0
100	2	[1, 2, 3, 4, 5, 6, 7]	blip2	0
100	3	[1, 2, 3, 4, 5, 6, 7]	blip2	0
100	4	[1, 2, 3, 4]	blip2	0
100	5	[1, 2, 3, 4, 5, 6, 7]	blip2	0
100	6	[1, 2, 3, 4, 5, 6, 7]	blip2	0
100	7	[1, 2, 3, 4, 5, 6, 7]	blip2	0
100	8	[1, 2, 3, 4]	blip2	0
100	9	[1, 2, 8]	blip2	0
100	10	[2, 3, 5]	blip2	0
100	11	[6, 9]	blip2	0
100	12	[6, 9]	blip2	0
100	13	[3, 5]	blip2	0
100	14	[2, 3, 5]	blip2	0
100	15	[6, 9]	blip2	0
100	16	[1, 3, 4, 5, 9]	blip2	0
100	17	[1, 3, 4, 5, 9]	blip2	0
100	18	[1, 3, 4, 5, 9]	blip2	0
100	19	[1, 3, 4, 5, 9]	blip2	0
100	20	[1, 3, 4, 5, 9]	blip2	0
100	1	[1, 2, 3, 4, 5, 6, 7]	llava	0
100	2	[1, 2, 3, 4, 5, 6, 7]	llava	0
100	3	[1, 2, 3, 4, 5, 6, 7]	llava	0
100	4	[1, 2, 3, 4]	llava	1
100	5	[1, 2, 3, 4, 5, 6, 7]	llava	1
100	6	[1, 2, 3, 4, 5, 6, 7]	llava	1
100	7	[1, 2, 3, 4, 5, 6, 7]	llava	1
100	8	[1, 2, 3, 4]	llava	0
100	9	[1, 2, 8]	llava	0
100	10	[2, 3, 5]	llava	0
100	11	[6, 9]	llava	0
100	12	[6, 9]	llava	0
100	13	[3, 5]	llava	0
100	14	[2, 3, 5]	llava	0
100	15	[6, 9]	llava	0
100	16	[1, 3, 4, 5, 9]	llava	0
100	17	[1, 3, 4, 5, 9]	llava	0
100	18	[1, 3, 4, 5, 9]	llava	0
100	19	[1, 3, 4, 5, 9]	llava	1
100	20	[1, 3, 4, 5, 9]	llava	1
100	1	[1, 2, 3, 4, 5, 6, 7]	qwen	0
100	2	[1, 2, 3, 4, 5, 6, 7]	qwen	1
100	3	[1, 2, 3, 4, 5, 6, 7]	qwen	0
100	4	[1, 2, 3, 4]	qwen	1
100	5	[1, 2, 3, 4, 5, 6, 7]	qwen	1
100	6	[1, 2, 3, 4, 5, 6, 7]	qwen	1
100	7	[1, 2, 3, 4, 5, 6, 7]	qwen	1
100	8	[1, 2, 3, 4]	qwen	1
100	9	[1, 2, 8]	qwen	1
100	10	[2, 3, 5]	qwen	1
100	11	[6, 9]	qwen	0
100	12	[6, 9]	qwen	1
100	13	[3, 5]	qwen	1
100	14	[2, 3, 5]	qwen	1
100	15	[6, 9]	qwen	0
100	16	[1, 3, 4, 5, 9]	qwen	0
100	17	[1, 3, 4, 5, 9]	qwen	0
100	18	[1, 3, 4, 5, 9]	qwen	0
100	19	[1, 3, 4, 5, 9]	qwen	1
100	20	[1, 3, 4, 5, 9]	qwen	0
101	1	[6, 7, 2, 8, 3, 5, 9]	blip2	0
101	2	[1, 2, 3, 4, 5, 6, 7, 8, 9]	blip2	0
101	3	[1, 2, 3, 4, 5, 6, 7, 8, 9]	blip2	0
101	4	[7, 10, 8, 3, 4, 11, 9]	blip2	0
101	5	[7, 4]	blip2	0
101	6	[10, 11]	blip2	0
101	7	[8, 9]	blip2	0
101	8	[3, 9]	blip2	0
101	9	[8, 11]	blip2	0
101	10	[1, 2, 3, 4, 5, 6, 7, 8, 9, 10, 11]	blip2	0
101	1	[6, 7, 2, 8, 3, 5, 9]	llava	1
101	2	[1, 2, 3, 4, 5, 6, 7, 8, 9]	llava	1
101	3	[1, 2, 3, 4, 5, 6, 7, 8, 9]	llava	1
101	4	[7, 10, 8, 3, 4, 11, 9]	llava	0
101	5	[7, 4]	llava	1
101	6	[10, 11]	llava	1
101	7	[8, 9]	llava	1
101	8	[3, 9]	llava	1
101	9	[8, 11]	llava	0
101	10	[1, 2, 3, 4, 5, 6, 7, 8, 9, 10, 11]	llava	1
101	1	[6, 7, 2, 8, 3, 5, 9]	qwen	1
101	2	[1, 2, 3, 4, 5, 6, 7, 8, 9]	qwen	1
101	3	[1, 2, 3, 4, 5, 6, 7, 8, 9]	qwen	1
101	4	[7, 10, 8, 3, 4, 11, 9]	qwen	0
101	5	[7, 4]	qwen	0
101	6	[10, 11]	qwen	1
101	7	[8, 9]	qwen	1
101	8	[3, 9]	qwen	1
101	9	[8, 11]	qwen	1
101	10	[1, 2, 3, 4, 5, 6, 7, 8, 9, 10, 11]	qwen	1
102	1	[9, 2, 3, 6, 7, 8, 5]	blip2	0
102	2	[9, 5]	blip2	0
102	3	[2, 3, 6, 7, 8]	blip2	0
102	4	[5]	blip2	0
102	5	[1, 3, 7, 8, 5]	blip2	0
102	6	[1, 3, 7, 8]	blip2	0
102	7	[1, 3, 7, 8, 5]	blip2	0
102	8	[1, 9, 5]	blip2	0
102	9	[3, 6, 7]	blip2	1
102	10	[3, 6, 7, 8]	blip2	1
102	11	[1, 9, 5]	blip2	1
102	1	[9, 2, 3, 6, 7, 8, 5]	llava	0
102	2	[9, 5]	llava	0
102	3	[2, 3, 6, 7, 8]	llava	1
102	4	[5]	llava	1
102	5	[1, 3, 7, 8, 5]	llava	0
102	6	[1, 3, 7, 8]	llava	0
102	7	[1, 3, 7, 8, 5]	llava	0
102	8	[1, 9, 5]	llava	1
102	9	[3, 6, 7]	llava	1
102	10	[3, 6, 7, 8]	llava	1
102	11	[1, 9, 5]	llava	1
102	1	[9, 2, 3, 6, 7, 8, 5]	qwen	1
102	2	[9, 5]	qwen	0
102	3	[2, 3, 6, 7, 8]	qwen	0
102	4	[5]	qwen	1
102	5	[1, 3, 7, 8, 5]	qwen	0
102	6	[1, 3, 7, 8]	qwen	0
102	7	[1, 3, 7, 8, 5]	qwen	0
102	8	[1, 9, 5]	qwen	0
102	9	[3, 6, 7]	qwen	1
102	10	[3, 6, 7, 8]	qwen	1
102	11	[1, 9, 5]	qwen	0
103	1	[1, 2, 3, 4, 5]	blip2	0
103	2	[6, 1]	blip2	0
103	3	[2]	blip2	0
103	4	[3]	blip2	1
103	5	[7, 8, 9, 10]	blip2	0
103	6	[8, 2, 3, 9, 5]	blip2	0
103	7	[2, 9]	blip2	0
103	8	[3, 5]	blip2	0
103	9	[6, 7, 3, 9]	blip2	0
103	10	[6, 7, 3, 9]	blip2	0
103	11	[6, 7, 3, 9]	blip2	0
103	12	[7, 9, 10]	blip2	0
103	13	[6, 7, 3, 9]	blip2	0
103	14	[6, 7, 3, 9]	blip2	0
103	15	[6, 7, 3, 10]	blip2	0
103	16	[7, 10]	blip2	0
103	17	[3, 9]	blip2	1
103	18	[6, 3, 9]	blip2	0
103	19	[6, 7, 2, 3, 10]	blip2	0
103	20	[7, 8, 9, 10]	blip2	0
103	1	[1, 2, 3, 4, 5]	llava	0
103	2	[6, 1]	llava	0
103	3	[2]	llava	1
103	4	[3]	llava	1
103	5	[7, 8, 9, 10]	llava	1
103	6	[8, 2, 3, 9, 5]	llava	0
103	7	[2, 9]	llava	1
103	8	[3, 5]	llava	0
103	9	[6, 7, 3, 9]	llava	0
103	10	[6, 7, 3, 9]	llava	0
103	11	[6, 7, 3, 9]	llava	0
103	12	[7, 9, 10]	llava	0
103	13	[6, 7, 3, 9]	llava	0
103	14	[6, 7, 3, 9]	llava	0
103	15	[6, 7, 3, 10]	llava	0
103	16	[7, 10]	llava	0
103	17	[3, 9]	llava	1
103	18	[6, 3, 9]	llava	1
103	19	[6, 7, 2, 3, 10]	llava	0
103	20	[7, 8, 9, 10]	llava	1
103	1	[1, 2, 3, 4, 5]	qwen	0
103	2	[6, 1]	qwen	0
103	3	[2]	qwen	1
103	4	[3]	qwen	1
103	5	[7, 8, 9, 10]	qwen	1
103	6	[8, 2, 3, 9, 5]	qwen	0
103	7	[2, 9]	qwen	1
103	8	[3, 5]	qwen	1
103	9	[6, 7, 3, 9]	qwen	0
103	10	[6, 7, 3, 9]	qwen	1
103	11	[6, 7, 3, 9]	qwen	0
103	12	[7, 9, 10]	qwen	1
103	13	[6, 7, 3, 9]	qwen	0
103	14	[6, 7, 3, 9]	qwen	0
103	15	[6, 7, 3, 10]	qwen	0
103	16	[7, 10]	qwen	0
103	17	[3, 9]	qwen	1
103	18	[6, 3, 9]	qwen	0
103	19	[6, 7, 2, 3, 10]	qwen	0
103	20	[7, 8, 9, 10]	qwen	1
104	1	[1, 2, 3, 4, 5, 6, 7]	blip2	0
104	2	[2, 7]	blip2	0
104	3	[1, 6]	blip2	0
104	4	[3, 4]	blip2	0
104	5	[5, 1, 3, 4, 6, 7]	blip2	0
104	6	[10, 5, 8]	blip2	0
104	7	[10, 5, 8, 6]	blip2	1
104	8	[3, 5, 6]	blip2	0
104	9	[5]	blip2	1
104	10	[4]	blip2	0
104	11	[10, 5, 8, 6]	blip2	0
104	12	[11, 10, 5, 6, 8, 9]	blip2	0
104	1	[1, 2, 3, 4, 5, 6, 7]	llava	1
104	2	[2, 7]	llava	0
104	3	[1, 6]	llava	1
104	4	[3, 4]	llava	0
104	5	[5, 1, 3, 4, 6, 7]	llava	0
104	6	[10, 5, 8]	llava	1
104	7	[10, 5, 8, 6]	llava	0
104	8	[3, 5, 6]	llava	0
104	9	[5]	llava	1
104	10	[4]	llava	1
104	11	[10, 5, 8, 6]	llava	0
104	12	[11, 10, 5, 6, 8, 9]	llava	0
104	1	[1, 2, 3, 4, 5, 6, 7]	qwen	1
104	2	[2, 7]	qwen	1
104	3	[1, 6]	qwen	0
104	4	[3, 4]	qwen	0
104	5	[5, 1, 3, 4, 6, 7]	qwen	0
104	6	[10, 5, 8]	qwen	1
104	7	[10, 5, 8, 6]	qwen	0
104	8	[3, 5, 6]	qwen	0
104	9	[5]	qwen	1
104	10	[4]	qwen	0
104	11	[10, 5, 8, 6]	qwen	1
104	12	[11, 10, 5, 6, 8, 9]	qwen	0
105	1	[1, 2, 3, 4, 5, 6]	blip2	0
105	2	[2, 7, 9, 10]	blip2	1
105	3	[6, 11]	blip2	0
105	4	[2, 8]	blip2	1
105	5	[6, 7, 10]	blip2	0
105	6	[2, 11]	blip2	0
105	7	[4, 7]	blip2	0
105	8	[3, 7, 8, 11]	blip2	0
105	9	[1, 8]	blip2	0
105	10	[1, 3, 6, 11]	blip2	0
105	11	[1, 4, 11]	blip2	0
105	12	[4]	blip2	0
105	1	[1, 2, 3, 4, 5, 6]	llava	1
105	2	[2, 7, 9, 10]	llava	1
105	3	[6, 11]	llava	0
105	4	[2, 8]	llava	1
105	5	[6, 7, 10]	llava	0
105	6	[2, 11]	llava	1
105	7	[4, 7]	llava	0
105	8	[3, 7, 8, 11]	llava	0
105	9	[1, 8]	llava	1
105	10	[1, 3, 6, 11]	llava	0
105	11	[1, 4, 11]	llava	0
105	12	[4]	llava	1
105	1	[1, 2, 3, 4, 5, 6]	qwen	1
105	2	[2, 7, 9, 10]	qwen	1
105	3	[6, 11]	qwen	0
105	4	[2, 8]	qwen	1
105	5	[6, 7, 10]	qwen	0
105	6	[2, 11]	qwen	1
105	7	[4, 7]	qwen	0
105	8	[3, 7, 8, 11]	qwen	0
105	9	[1, 8]	qwen	1
105	10	[1, 3, 6, 11]	qwen	0
105	11	[1, 4, 11]	qwen	0
105	12	[4]	qwen	1
106	1	[1, 7, 8, 9, 10]	blip2	0
106	2	[8, 9]	blip2	1
106	3	[8, 10]	blip2	0
106	4	[7]	blip2	1
106	5	[8, 9]	blip2	1
106	6	[1, 10]	blip2	0
106	7	[8]	blip2	1
106	8	[8, 10]	blip2	0
106	9	[8, 9]	blip2	1
106	10	[7, 8, 9, 10]	blip2	1
106	11	[1, 6, 7, 9, 10]	blip2	0
106	1	[1, 7, 8, 9, 10]	llava	1
106	2	[8, 9]	llava	0
106	3	[8, 10]	llava	0
106	4	[7]	llava	1
106	5	[8, 9]	llava	0
106	6	[1, 10]	llava	1
106	7	[8]	llava	1
106	8	[8, 10]	llava	0
106	9	[8, 9]	llava	1
106	10	[7, 8, 9, 10]	llava	1
106	11	[1, 6, 7, 9, 10]	llava	0
106	1	[1, 7, 8, 9, 10]	qwen	1
106	2	[8, 9]	qwen	1
106	3	[8, 10]	qwen	1
106	4	[7]	qwen	1
106	5	[8, 9]	qwen	1
106	6	[1, 10]	qwen	0
106	7	[8]	qwen	1
106	8	[8, 10]	qwen	0
106	9	[8, 9]	qwen	1
106	10	[7, 8, 9, 10]	qwen	1
106	11	[1, 6, 7, 9, 10]	qwen	1
107	1	[1, 2, 3, 4, 5]	blip2	0
107	2	[1, 6, 7, 8]	blip2	0
107	3	[1, 7, 8]	blip2	0
107	4	[6, 7]	blip2	0
107	5	[4, 9]	blip2	1
107	6	[1, 7, 8]	blip2	0
107	7	[8, 9]	blip2	0
107	8	[5, 6]	blip2	0
107	9	[5, 7]	blip2	0
107	10	[1, 3, 5, 6, 10]	blip2	0
107	11	[2, 3, 4, 5, 8, 9, 11]	blip2	0
107	1	[1, 2, 3, 4, 5]	llava	0
107	2	[1, 6, 7, 8]	llava	0
107	3	[1, 7, 8]	llava	0
107	4	[6, 7]	llava	0
107	5	[4, 9]	llava	1
107	6	[1, 7, 8]	llava	1
107	7	[8, 9]	llava	1
107	8	[5, 6]	llava	1
107	9	[5, 7]	llava	0
107	10	[1, 3, 5, 6, 10]	llava	0
107	11	[2, 3, 4, 5, 8, 9, 11]	llava	0
107	1	[1, 2, 3, 4, 5]	qwen	0
107	2	[1, 6, 7, 8]	qwen	0
107	3	[1, 7, 8]	qwen	0
107	4	[6, 7]	qwen	0
107	5	[4, 9]	qwen	1
107	6	[1, 7, 8]	qwen	1
107	7	[8, 9]	qwen	1
107	8	[5, 6]	qwen	1
107	9	[5, 7]	qwen	0
107	10	[1, 3, 5, 6, 10]	qwen	0
107	11	[2, 3, 4, 5, 8, 9, 11]	qwen	0
108	1	[2, 8, 4]	blip2	0
108	2	[2, 8, 4]	blip2	0
108	3	[1, 2, 7, 3, 4, 5, 9]	blip2	0
108	4	[1, 2, 7, 3, 4, 5, 9]	blip2	1
108	5	[1, 6, 7, 8, 4, 10, 5]	blip2	0
108	6	[1, 6, 7, 8, 4, 10, 5]	blip2	0
108	7	[1, 6, 7, 8, 4, 10, 5]	blip2	0
108	8	[1, 6, 7, 8, 4, 10, 5]	blip2	0
108	9	[6, 8]	blip2	1
108	10	[5, 1, 7, 8]	blip2	0
108	11	[4, 10]	blip2	1
108	12	[1, 6, 7, 8, 4, 10, 5]	blip2	0
108	13	[11, 12, 14]	blip2	0
108	14	[2, 4, 13]	blip2	0
108	15	[2, 15, 8, 3]	blip2	0
108	16	[16, 9]	blip2	0
108	17	[1, 17, 3, 18]	blip2	0
108	1	[2, 8, 4]	llava	1
108	2	[2, 8, 4]	llava	0
108	3	[1, 2, 7, 3, 4, 5, 9]	llava	0
108	4	[1, 2, 7, 3, 4, 5, 9]	llava	1
108	5	[1, 6, 7, 8, 4, 10, 5]	llava	0
108	6	[1, 6, 7, 8, 4, 10, 5]	llava	0
108	7	[1, 6, 7, 8, 4, 10, 5]	llava	1
108	8	[1, 6, 7, 8, 4, 10, 5]	llava	0
108	9	[6, 8]	llava	1
108	10	[5, 1, 7, 8]	llava	0
108	11	[4, 10]	llava	1
108	12	[1, 6, 7, 8, 4, 10, 5]	llava	0
108	13	[11, 12, 14]	llava	0
108	14	[2, 4, 13]	llava	0
108	15	[2, 15, 8, 3]	llava	0
108	16	[16, 9]	llava	1
108	17	[1, 17, 3, 18]	llava	0
108	1	[2, 8, 4]	qwen	1
108	2	[2, 8, 4]	qwen	0
108	3	[1, 2, 7, 3, 4, 5, 9]	qwen	0
108	4	[1, 2, 7, 3, 4, 5, 9]	qwen	0
108	5	[1, 6, 7, 8, 4, 10, 5]	qwen	0
108	6	[1, 6, 7, 8, 4, 10, 5]	qwen	1
108	7	[1, 6, 7, 8, 4, 10, 5]	qwen	0
108	8	[1, 6, 7, 8, 4, 10, 5]	qwen	1
108	9	[6, 8]	qwen	1
108	10	[5, 1, 7, 8]	qwen	0
108	11	[4, 10]	qwen	1
108	12	[1, 6, 7, 8, 4, 10, 5]	qwen	0
108	13	[11, 12, 14]	qwen	0
108	14	[2, 4, 13]	qwen	0
108	15	[2, 15, 8, 3]	qwen	0
108	16	[16, 9]	qwen	1
108	17	[1, 17, 3, 18]	qwen	0
109	1	[1, 2, 3]	blip2	0
109	2	[2, 6, 10]	blip2	0
109	3	[5, 6]	blip2	0
109	4	[1, 4, 10]	blip2	0
109	5	[5, 11]	blip2	0
109	6	[1, 4, 5, 10]	blip2	0
109	7	[11, 13]	blip2	0
109	8	[4, 11]	blip2	0
109	9	[10, 12]	blip2	0
109	10	[1, 13]	blip2	0
109	11	[5, 11, 12]	blip2	0
109	12	[1, 2, 3, 4, 5, 6, 7, 8, 9, 10, 11, 12, 13]	blip2	1
109	13	[1, 4, 5, 11]	blip2	0
109	14	[3, 5, 8, 9, 10, 14, 15]	blip2	0
109	15	[3, 5, 8, 9, 10, 14, 15]	blip2	0
109	16	[7, 10, 11, 12, 14, 16]	blip2	0
109	17	[5, 17]	blip2	0
109	18	[18]	blip2	1
109	19	[1, 10, 11, 12, 13, 19, 20]	blip2	0
109	1	[1, 2, 3]	llava	0
109	2	[2, 6, 10]	llava	0
109	3	[5, 6]	llava	0
109	4	[1, 4, 10]	llava	0
109	5	[5, 11]	llava	1
109	6	[1, 4, 5, 10]	llava	1
109	7	[11, 13]	llava	0
109	8	[4, 11]	llava	1
109	9	[10, 12]	llava	0
109	10	[1, 13]	llava	0
109	11	[5, 11, 12]	llava	0
109	12	[1, 2, 3, 4, 5, 6, 7, 8, 9, 10, 11, 12, 13]	llava	1
109	13	[1, 4, 5, 11]	llava	1
109	14	[3, 5, 8, 9, 10, 14, 15]	llava	0
109	15	[3, 5, 8, 9, 10, 14, 15]	llava	1
109	16	[7, 10, 11, 12, 14, 16]	llava	0
109	17	[5, 17]	llava	0
109	18	[18]	llava	1
109	19	[1, 10, 11, 12, 13, 19, 20]	llava	0
109	1	[1, 2, 3]	qwen	0
109	2	[2, 6, 10]	qwen	0
109	3	[5, 6]	qwen	0
109	4	[1, 4, 10]	qwen	0
109	5	[5, 11]	qwen	0
109	6	[1, 4, 5, 10]	qwen	0
109	7	[11, 13]	qwen	1
109	8	[4, 11]	qwen	1
109	9	[10, 12]	qwen	1
109	10	[1, 13]	qwen	0
109	11	[5, 11, 12]	qwen	0
109	12	[1, 2, 3, 4, 5, 6, 7, 8, 9, 10, 11, 12, 13]	qwen	1
109	13	[1, 4, 5, 11]	qwen	1
109	14	[3, 5, 8, 9, 10, 14, 15]	qwen	0
109	15	[3, 5, 8, 9, 10, 14, 15]	qwen	0
109	16	[7, 10, 11, 12, 14, 16]	qwen	1
109	17	[5, 17]	qwen	0
109	18	[18]	qwen	1
109	19	[1, 10, 11, 12, 13, 19, 20]	qwen	0
