turn,question,answer,target_img,predicted_img,focus_correct,image_confusion,hallucination_level,truncation_hit,answer_len_chars,answer_len_tokens
1,Image1: <ImageHere>. What architectural feature in the Image1 represents the mystical power of the number nine?,The nine arches on the building.,1,,0,0,0,0,32,6
2,How does the Image1 symbolize inclusivity for people of all religious backgrounds?,"Image1 symbolizes inclusivity for people of all religious backgrounds by showcasing a large, ornate building with intricate architectural details, which can be appreciated by people from diverse cultural and religious traditions.",1,1.0,1,0,0,0,229,31
3,What social functions are served by the structure depicted in the Image1?,The structure depicted in Image1 serves as a place of worship and religious gatherings.,1,1.0,1,0,0,0,87,14
4,Image2: <ImageHere>. How are mythological figures incorporated into the design of the structure in Image2?,The mythological figures are incorporated into the design of the structure in Image2 by being carved into the stone columns and statues that surround the fountain.,2,2.0,1,0,0,0,163,26
5,What architectural elements can be observed in the central part of Image2?,The central part of Image2 features a large archway with statues and a fountain in front of it.,2,2.0,1,0,0,0,95,18
6,What cultural or historical rituals are associated with the structure depicted in Image2?,"The structure in Image2 is the Trevi Fountain, and it is associated with the ritual of throwing coins into the water to ensure good luck and return to the city.",2,2.0,1,0,0,0,160,30
7,Image3: <ImageHere>. Describe the design and prominent features you observe in the Image3.,"The Image3 features a large, brown, rectangular structure with a curved top, situated in the center of a circular, marble-floored room with statues on the walls.",3,,0,0,0,0,161,26
8,Discuss the potential symbolic meanings of the design elements in the Image3.,"The design elements in Image3, which include the large casket, the statues of people, and the circular pattern, may symbolize themes of life, death, and the passage of time.",3,3.0,1,0,0,0,173,29
9,What might be the historical or cultural significance of the Image3?,"The Image3 is a statue of a sarcophagus, which is a significant historical and cultural artifact often found in ancient tombs.",3,3.0,1,0,0,0,126,21
10,Image4: <ImageHere>. What architectural features can you identify in the design of the building shown in the Image4?,The building in Image4 has a steeply pitched roof and a pointed roof on the right side.,4,,0,0,0,0,87,17
11,How does the presence of greenery and ivy on the building walls in the Image4 contribute to its overall aesthetic?,The presence of greenery and ivy on the building walls in the Image4 adds a touch of natural beauty and a sense of tranquility to the overall aesthetic of the building.,4,4.0,1,0,0,0,168,31
12,"What might the structure in the center of the garden in the Image4 symbolize or represent, considering its design and placement?",The structure in the center of the garden in the Image4 is a gazebo.,4,4.0,1,0,0,0,68,14
13,Compare the architectural styles observed in Image1 and Image4. How do these styles reflect the cultural or historical contexts of their respective periods and locations?,"Image1 is a traditional European-style building with a steeply pitched roof and a pointed arch, while Image4 is a modern Japanese-style building with a flat roof and a curved eave.",4,,0,0,0,0,180,30
14,Identify and describe the symbols or elements in Image2 and Image3 and discuss their possible meanings or purposes.,"Image2 features a large, ornate sarcophagus with intricate carvings, while Image3 showcases a smaller, simpler version of the same sarcophagus. [TRUNCATED?]",3,3.0,1,0,0,1,156,21
15,Examine the social or communal functions suggested by the architectural designs of Image1. How do these functions differ from those typically associated with the structures in Image2 and Image4?,"Image1 features a large, multi-windowed building with a prominent clock tower, suggesting a centralized, communal space for gathering and timekeeping.",4,4.0,1,0,1,0,150,20
16,Compare the use of space and materials in Image3 and Image4. How do the design choices in these images reflect their intended purposes?,"Image3 features a traditional brick building with a steep roof and a small garden area, while Image4 showcases a more modern design with a flat roof and a larger garden space.",4,4.0,1,0,0,0,175,31
17,"Discuss the emotional expressions conveyed by the structures in Image1, Image2, and Image4. How might these emotions influence visitors' experiences and interactions with these buildings?","The brick building with a pointed roof and a small tower conveys a sense of warmth and comfort, inviting visitors to explore and appreciate the architecture.",4,4.0,1,0,1,0,157,26
18,Analyze the symbolic meaning of the architectural elements in Image1 and Image2. How do these elements contribute to the overall significance of each structure?,"The architectural elements in Image1 and Image2 symbolize the grandeur and majesty of the structures, reflecting the cultural and historical significance of the location. [TRUNCATED?]",2,,0,0,0,1,183,25
19,Explore the relationships between the figures or objects observed in Image2 and Image3. What narratives or themes might these relationships convey to viewers?,"The relationship between the figures in Image2 and Image3 suggests a narrative of unity and harmony, as the two figures are positioned in a way that they appear to be one and the same. [TRUNCATED?]",3,,0,0,1,1,197,35
20,"Considering the communal aspects highlighted in Image1, how do these aspects compare to the private or monumental purposes of the structures in Image3 and Image4?",The communal aspects in Image1 are more prominent than the private or monumental purposes in Image3 and Image4.,4,,0,0,0,0,111,18
