turn,question,answer,target_img,predicted_img,focus_correct,image_confusion,hallucination_level,truncation_hit,answer_len_chars,answer_len_tokens
1,"You are given 4 images as one panel. When I say ImageK, I mean the K-th tile in row-major order (left→right, top→bottom). Answer in ONE short, self-contained sentence. Do NOT list images, do NOT write labels like 'ImageK:' or 'Image 3:', and do NOT restate file names.If multiple ImageK appear, answer about the **last mentioned** K only (do not compare images). If the question mentions a specific ImageK, answer about that image only; if multiple ImageK are mentioned, answer about the **last mentioned** one only; if none is mentioned, pick the single most relevant image and answer only about it.
Q: Image1: <ImageHere>. What architectural feature in the Image1 represents the mystical power of the number nine?
A:",The nine windows in the Image1 represent the mystical power of the number nine.,1,1,1,0,0,0,79,14
2,"You are given 4 images as one panel. When I say ImageK, I mean the K-th tile in row-major order (left→right, top→bottom). Answer in ONE short, self-contained sentence. Do NOT list images, do NOT write labels like 'ImageK:' or 'Image 3:', and do NOT restate file names.If multiple ImageK appear, answer about the **last mentioned** K only (do not compare images). If the question mentions a specific ImageK, answer about that image only; if multiple ImageK are mentioned, answer about the **last mentioned** one only; if none is mentioned, pick the single most relevant image and answer only about it.
Q: How does the Image1 symbolize inclusivity for people of all religious backgrounds?
A:",The Bahá'í House of Worship is open to people of all faiths.,1,,0,0,0,0,60,12
3,"You are given 4 images as one panel. When I say ImageK, I mean the K-th tile in row-major order (left→right, top→bottom). Answer in ONE short, self-contained sentence. Do NOT list images, do NOT write labels like 'ImageK:' or 'Image 3:', and do NOT restate file names.If multiple ImageK appear, answer about the **last mentioned** K only (do not compare images). If the question mentions a specific ImageK, answer about that image only; if multiple ImageK are mentioned, answer about the **last mentioned** one only; if none is mentioned, pick the single most relevant image and answer only about it.
Q: What social functions are served by the structure depicted in the Image1?
A:",place of worship,1,,0,0,0,0,16,3
4,"You are given 4 images as one panel. When I say ImageK, I mean the K-th tile in row-major order (left→right, top→bottom). Answer in ONE short, self-contained sentence. Do NOT list images, do NOT write labels like 'ImageK:' or 'Image 3:', and do NOT restate file names.If multiple ImageK appear, answer about the **last mentioned** K only (do not compare images). If the question mentions a specific ImageK, answer about that image only; if multiple ImageK are mentioned, answer about the **last mentioned** one only; if none is mentioned, pick the single most relevant image and answer only about it.
Q: Image2: <ImageHere>. How are mythological figures incorporated into the design of the structure in Image2?
A:",mythological figures are incorporated into the design of the structure in Image2 through statues of gods and goddesses.,2,2,1,0,0,0,119,18
5,"You are given 4 images as one panel. When I say ImageK, I mean the K-th tile in row-major order (left→right, top→bottom). Answer in ONE short, self-contained sentence. Do NOT list images, do NOT write labels like 'ImageK:' or 'Image 3:', and do NOT restate file names.If multiple ImageK appear, answer about the **last mentioned** K only (do not compare images). If the question mentions a specific ImageK, answer about that image only; if multiple ImageK are mentioned, answer about the **last mentioned** one only; if none is mentioned, pick the single most relevant image and answer only about it.
Q: What architectural elements can be observed in the central part of Image2?
A:","The central part of Image2 features a grand, ornate fountain with intricate sculptures and a central statue, set against a backdrop of classical columns and a detailed facade.",2,2,1,0,0,0,175,28
6,"You are given 4 images as one panel. When I say ImageK, I mean the K-th tile in row-major order (left→right, top→bottom). Answer in ONE short, self-contained sentence. Do NOT list images, do NOT write labels like 'ImageK:' or 'Image 3:', and do NOT restate file names.If multiple ImageK appear, answer about the **last mentioned** K only (do not compare images). If the question mentions a specific ImageK, answer about that image only; if multiple ImageK are mentioned, answer about the **last mentioned** one only; if none is mentioned, pick the single most relevant image and answer only about it.
Q: What cultural or historical rituals are associated with the structure depicted in Image2?
A:","The structure in Image2 is associated with the tradition of throwing a coin into the Trevi Fountain in Rome, Italy, to ensure a return visit.",2,2,1,0,0,0,141,25
7,"You are given 4 images as one panel. When I say ImageK, I mean the K-th tile in row-major order (left→right, top→bottom). Answer in ONE short, self-contained sentence. Do NOT list images, do NOT write labels like 'ImageK:' or 'Image 3:', and do NOT restate file names.If multiple ImageK appear, answer about the **last mentioned** K only (do not compare images). If the question mentions a specific ImageK, answer about that image only; if multiple ImageK are mentioned, answer about the **last mentioned** one only; if none is mentioned, pick the single most relevant image and answer only about it.
Q: Image3: <ImageHere>. Describe the design and prominent features you observe in the Image3.
A:","The design features a large, ornate, red sarcophagus with intricate carvings and a green marble base, surrounded by a circular pattern on the floor.",3,3,1,0,0,0,148,24
8,"You are given 4 images as one panel. When I say ImageK, I mean the K-th tile in row-major order (left→right, top→bottom). Answer in ONE short, self-contained sentence. Do NOT list images, do NOT write labels like 'ImageK:' or 'Image 3:', and do NOT restate file names.If multiple ImageK appear, answer about the **last mentioned** K only (do not compare images). If the question mentions a specific ImageK, answer about that image only; if multiple ImageK are mentioned, answer about the **last mentioned** one only; if none is mentioned, pick the single most relevant image and answer only about it.
Q: Discuss the potential symbolic meanings of the design elements in the Image3.
A:","The Image3's design elements, including the red sarcophagus and the surrounding statues, symbolize the grandeur and reverence of the Napoleonic era.",3,3,1,0,0,0,148,21
9,"You are given 4 images as one panel. When I say ImageK, I mean the K-th tile in row-major order (left→right, top→bottom). Answer in ONE short, self-contained sentence. Do NOT list images, do NOT write labels like 'ImageK:' or 'Image 3:', and do NOT restate file names.If multiple ImageK appear, answer about the **last mentioned** K only (do not compare images). If the question mentions a specific ImageK, answer about that image only; if multiple ImageK are mentioned, answer about the **last mentioned** one only; if none is mentioned, pick the single most relevant image and answer only about it.
Q: What might be the historical or cultural significance of the Image3?
A:","The Image3 is a sarcophagus, which is a container for a dead person's body, often used in ancient Egyptian and Roman cultures.",3,3,1,0,0,0,126,22
10,"You are given 4 images as one panel. When I say ImageK, I mean the K-th tile in row-major order (left→right, top→bottom). Answer in ONE short, self-contained sentence. Do NOT list images, do NOT write labels like 'ImageK:' or 'Image 3:', and do NOT restate file names.If multiple ImageK appear, answer about the **last mentioned** K only (do not compare images). If the question mentions a specific ImageK, answer about that image only; if multiple ImageK are mentioned, answer about the **last mentioned** one only; if none is mentioned, pick the single most relevant image and answer only about it.
Q: Image4: <ImageHere>. What architectural features can you identify in the design of the building shown in the Image4?
A:","The building in Image4 has a red brick exterior, a conical roof, and a central brick gazebo with a tiled roof.",4,4,1,0,0,0,110,21
11,"You are given 4 images as one panel. When I say ImageK, I mean the K-th tile in row-major order (left→right, top→bottom). Answer in ONE short, self-contained sentence. Do NOT list images, do NOT write labels like 'ImageK:' or 'Image 3:', and do NOT restate file names.If multiple ImageK appear, answer about the **last mentioned** K only (do not compare images). If the question mentions a specific ImageK, answer about that image only; if multiple ImageK are mentioned, answer about the **last mentioned** one only; if none is mentioned, pick the single most relevant image and answer only about it.
Q: How does the presence of greenery and ivy on the building walls in the Image4 contribute to its overall aesthetic?
A:","The greenery and ivy on the building walls in Image4 add a touch of nature and a sense of growth, enhancing the building's connection to the environment and giving it a more organic and lively appearance.",4,4,1,0,0,0,204,36
12,"You are given 4 images as one panel. When I say ImageK, I mean the K-th tile in row-major order (left→right, top→bottom). Answer in ONE short, self-contained sentence. Do NOT list images, do NOT write labels like 'ImageK:' or 'Image 3:', and do NOT restate file names.If multiple ImageK appear, answer about the **last mentioned** K only (do not compare images). If the question mentions a specific ImageK, answer about that image only; if multiple ImageK are mentioned, answer about the **last mentioned** one only; if none is mentioned, pick the single most relevant image and answer only about it.
Q: What might the structure in the center of the garden in the Image4 symbolize or represent, considering its design and placement?
A:","The structure in the center of the garden in Image4 could symbolize a focal point or a place of gathering, given its central placement and unique design.",4,4,1,0,0,0,153,27
13,"You are given 4 images as one panel. When I say ImageK, I mean the K-th tile in row-major order (left→right, top→bottom). Answer in ONE short, self-contained sentence. Do NOT list images, do NOT write labels like 'ImageK:' or 'Image 3:', and do NOT restate file names.If multiple ImageK appear, answer about the **last mentioned** K only (do not compare images). If the question mentions a specific ImageK, answer about that image only; if multiple ImageK are mentioned, answer about the **last mentioned** one only; if none is mentioned, pick the single most relevant image and answer only about it.
Q: Compare the architectural styles observed in Image1 and Image4. How do these styles reflect the cultural or historical contexts of their respective periods and locations?
A:","The red brick building in Image1 reflects the Arts and Crafts movement, emphasizing simplicity and craftsmanship, while the modernist building in Image4 showcases the use of glass and steel, reflecting the industrial and technological advancements of the 20th century.",4,4,1,0,0,0,268,39
14,"You are given 4 images as one panel. When I say ImageK, I mean the K-th tile in row-major order (left→right, top→bottom). Answer in ONE short, self-contained sentence. Do NOT list images, do NOT write labels like 'ImageK:' or 'Image 3:', and do NOT restate file names.If multiple ImageK appear, answer about the **last mentioned** K only (do not compare images). If the question mentions a specific ImageK, answer about that image only; if multiple ImageK are mentioned, answer about the **last mentioned** one only; if none is mentioned, pick the single most relevant image and answer only about it.
Q: Identify and describe the symbols or elements in Image2 and Image3 and discuss their possible meanings or purposes.
A:","The symbols in Image2 and Image3 include a red and black sarcophagus, a green and yellow floor, and a statue of a man, which may represent historical or cultural significance.",3,3,1,0,0,0,175,30
15,"You are given 4 images as one panel. When I say ImageK, I mean the K-th tile in row-major order (left→right, top→bottom). Answer in ONE short, self-contained sentence. Do NOT list images, do NOT write labels like 'ImageK:' or 'Image 3:', and do NOT restate file names.If multiple ImageK appear, answer about the **last mentioned** K only (do not compare images). If the question mentions a specific ImageK, answer about that image only; if multiple ImageK are mentioned, answer about the **last mentioned** one only; if none is mentioned, pick the single most relevant image and answer only about it.
Q: Examine the social or communal functions suggested by the architectural designs of Image1. How do these functions differ from those typically associated with the structures in Image2 and Image4?
A:","The architectural designs of Image1 suggest a communal function with its open courtyard and central gathering space, contrasting with the private and enclosed spaces of Image2 and Image4.",4,4,1,0,0,0,187,28
16,"You are given 4 images as one panel. When I say ImageK, I mean the K-th tile in row-major order (left→right, top→bottom). Answer in ONE short, self-contained sentence. Do NOT list images, do NOT write labels like 'ImageK:' or 'Image 3:', and do NOT restate file names.If multiple ImageK appear, answer about the **last mentioned** K only (do not compare images). If the question mentions a specific ImageK, answer about that image only; if multiple ImageK are mentioned, answer about the **last mentioned** one only; if none is mentioned, pick the single most relevant image and answer only about it.
Q: Compare the use of space and materials in Image3 and Image4. How do the design choices in these images reflect their intended purposes?
A:","The use of space and materials in Image3 and Image4 reflects their intended purposes by emphasizing functionality and aesthetic appeal, with Image3 focusing on a practical, utilitarian design and Image4 on a more ornate, decorative approach.",4,4,1,0,0,0,241,36
17,"You are given 4 images as one panel. When I say ImageK, I mean the K-th tile in row-major order (left→right, top→bottom). Answer in ONE short, self-contained sentence. Do NOT list images, do NOT write labels like 'ImageK:' or 'Image 3:', and do NOT restate file names.If multiple ImageK appear, answer about the **last mentioned** K only (do not compare images). If the question mentions a specific ImageK, answer about that image only; if multiple ImageK are mentioned, answer about the **last mentioned** one only; if none is mentioned, pick the single most relevant image and answer only about it.
Q: Discuss the emotional expressions conveyed by the structures in Image1, Image2, and Image4. How might these emotions influence visitors' experiences and interactions with these buildings?
A:","The red brick buildings in Image1 and Image2 evoke a sense of warmth and stability, while the modern glass building in Image4 conveys a feeling of openness and innovation, potentially influencing visitors to feel comfortable and inspired.",4,4,1,0,0,0,238,37
18,"You are given 4 images as one panel. When I say ImageK, I mean the K-th tile in row-major order (left→right, top→bottom). Answer in ONE short, self-contained sentence. Do NOT list images, do NOT write labels like 'ImageK:' or 'Image 3:', and do NOT restate file names.If multiple ImageK appear, answer about the **last mentioned** K only (do not compare images). If the question mentions a specific ImageK, answer about that image only; if multiple ImageK are mentioned, answer about the **last mentioned** one only; if none is mentioned, pick the single most relevant image and answer only about it.
Q: Analyze the symbolic meaning of the architectural elements in Image1 and Image2. How do these elements contribute to the overall significance of each structure?
A:","The architectural elements in Image1 and Image2, such as the columns, statues, and the central arch, symbolize grandeur, power, and historical significance, enhancing the overall importance of the structures.",2,2,1,0,0,0,208,29
19,"You are given 4 images as one panel. When I say ImageK, I mean the K-th tile in row-major order (left→right, top→bottom). Answer in ONE short, self-contained sentence. Do NOT list images, do NOT write labels like 'ImageK:' or 'Image 3:', and do NOT restate file names.If multiple ImageK appear, answer about the **last mentioned** K only (do not compare images). If the question mentions a specific ImageK, answer about that image only; if multiple ImageK are mentioned, answer about the **last mentioned** one only; if none is mentioned, pick the single most relevant image and answer only about it.
Q: Explore the relationships between the figures or objects observed in Image2 and Image3. What narratives or themes might these relationships convey to viewers?
A:","The relationships between the figures or objects in Image2 and Image3 convey a narrative of historical reverence and remembrance, as the statues and the sarcophagus suggest a celebration of the past and a commemoration of significant figures.",3,3,1,0,0,0,242,37
20,"You are given 4 images as one panel. When I say ImageK, I mean the K-th tile in row-major order (left→right, top→bottom). Answer in ONE short, self-contained sentence. Do NOT list images, do NOT write labels like 'ImageK:' or 'Image 3:', and do NOT restate file names.If multiple ImageK appear, answer about the **last mentioned** K only (do not compare images). If the question mentions a specific ImageK, answer about that image only; if multiple ImageK are mentioned, answer about the **last mentioned** one only; if none is mentioned, pick the single most relevant image and answer only about it.
Q: Considering the communal aspects highlighted in Image1, how do these aspects compare to the private or monumental purposes of the structures in Image3 and Image4?
A:",The communal aspects of Image1 contrast with the private or monumental purposes of the structures in Image3 and Image4.,4,4,1,0,0,0,119,19
